-- phpMyAdmin SQL Dump
-- version 4.9.4
-- https://www.phpmyadmin.net/
--
-- Servidor: localhost:3306
-- Tiempo de generación: 08-02-2021 a las 03:09:59
-- Versión del servidor: 5.6.49-cll-lve
-- Versión de PHP: 7.3.6

SET SQL_MODE = "NO_AUTO_VALUE_ON_ZERO";
SET AUTOCOMMIT = 0;
START TRANSACTION;
SET time_zone = "+00:00";


/*!40101 SET @OLD_CHARACTER_SET_CLIENT=@@CHARACTER_SET_CLIENT */;
/*!40101 SET @OLD_CHARACTER_SET_RESULTS=@@CHARACTER_SET_RESULTS */;
/*!40101 SET @OLD_COLLATION_CONNECTION=@@COLLATION_CONNECTION */;
/*!40101 SET NAMES utf8mb4 */;

--
-- Base de datos: `LaLiamos`
--
CREATE DATABASE IF NOT EXISTS `LaLiamos` DEFAULT CHARACTER SET latin1 COLLATE latin1_swedish_ci;
USE `LaLiamos`;

-- --------------------------------------------------------

--
-- Estructura de tabla para la tabla `lugar`
--

DROP TABLE IF EXISTS `lugar`;
CREATE TABLE `lugar` (
  `id_voluntariado` int(11) NOT NULL,
  `continente_lugar` varchar(20) CHARACTER SET utf8 NOT NULL,
  `pais_lugar` varchar(25) CHARACTER SET utf8 NOT NULL
) ENGINE=InnoDB DEFAULT CHARSET=utf8 COLLATE=utf8_spanish_ci COMMENT='Paises a realizar el voluntariado';

--
-- Volcado de datos para la tabla `lugar`
--

INSERT INTO `lugar` (`id_voluntariado`, `continente_lugar`, `pais_lugar`) VALUES
(1, 'Europa', 'España'),
(2, 'Asia', 'Asia'),
(3, 'Oceanía', 'Oceanía'),
(4, 'America del Sur', 'America del Sur'),
(5, 'Centro America', 'Centro America'),
(6, 'America del Norte', 'America del Norte'),
(7, 'Africa', 'Africa'),
(8, 'Otro', 'Otro'),
(9, 'Europa', 'Madrid'),
(10, 'Europa', 'Europa');

-- --------------------------------------------------------

--
-- Estructura de tabla para la tabla `ongs`
--

DROP TABLE IF EXISTS `ongs`;
CREATE TABLE `ongs` (
  `id_ong` int(11) NOT NULL,
  `nombre_ong` varchar(100) NOT NULL,
  `descripcion_ong` longtext NOT NULL,
  `voluntariado_ong` longtext NOT NULL,
  `rs_ong` varchar(100) DEFAULT NULL,
  `email_ong` varchar(100) DEFAULT NULL,
  `logo_ong` text NOT NULL,
  `facebook_ong` varchar(100) DEFAULT NULL,
  `twitter_ong` varchar(100) DEFAULT NULL,
  `instagram_ong` varchar(100) DEFAULT NULL,
  `linkedin_ong` varchar(100) DEFAULT NULL,
  `video_ong` varchar(100) DEFAULT NULL,
  `fecha_inscripcion` timestamp NOT NULL DEFAULT CURRENT_TIMESTAMP ON UPDATE CURRENT_TIMESTAMP,
  `web_ong` varchar(75) DEFAULT NULL
) ENGINE=InnoDB DEFAULT CHARSET=utf8 COMMENT='Descripción general de todas las ONGs que participan en Volunfair';

--
-- Volcado de datos para la tabla `ongs`
--

INSERT INTO `ongs` (`id_ong`, `nombre_ong`, `descripcion_ong`, `voluntariado_ong`, `rs_ong`, `email_ong`, `logo_ong`, `facebook_ong`, `twitter_ong`, `instagram_ong`, `linkedin_ong`, `video_ong`, `fecha_inscripcion`, `web_ong`) VALUES
(1, 'HERMANITAS DE LOS POBRES', 'Asilo de ancianos. Comunidad religiosa que junto a los colaboradores acogemos, acompañamos y cuidamos hasta el termino de sus vidas a personas mayores con pocos recursos económicos… Al ejemplo de Santa Juana Jugan.', 'Acompañar, servir, alegrar... a peronas mayores pobres y/o solas', NULL, 'cdadalmagro@alfaexpress.net', 'hermanitas-pobres.png\n', '', '', '', '', '', '0000-00-00 00:00:00', 'https://www.hermanitasdelospobres.es'),
(2, '21Kilómetros', '21Kilómetros es una organización sin ánimo de lucro, cuyo objetivo es dar a conocer entre el sector universitario y profesional las distintas formas de ayudar que hay en Madrid. Para ello colaboramos con numerosos centros, proyectos solidarios y ONGs, organizando distintas actividades y eventos. \n\n¿Algún ejemplo de lo que hacemos? Nuestra actividad se divide en tres grandes sectores: \n1. Voluntariado con gente de la calle y convictos (reparto de cenas por la calle, comedores sociales, partidos de fútbol en la cárcel...).\n2. Voluntariado con niños y enfermos (incluyendo distintos hospitales, asilos, albergues, casas de acogida...).\n3. Adoraciones y coro: organizamos una hora santa al mes para rezar por todos los voluntariados. Y nuestro coro, además de acompañar la oración en estos eventos, participa activamente en los voluntariados y organiza eventos para recaudar fondos cuando son necesarios. \n\n¿Quieres saber más? Consulta nuestra web y pásate por nuestro stand durante Volunfair ?? http://www.21kilometros.org', 'Nuestras actividades son distintas todas las semanas. Por poner algún ejemplo, las actividades que tenemos programadas para el mes de Noviembre son las siguientes:\n- Reparto de cenas por la calle (Madrid centro) y desayunos en la Cañada Real.\n- Acompañamiento a personas de la tercera edad en un centro.\n- Acompañamiento a enfermos del Cottolengo de Madrid. \n- Ayuda a las Misioneras de la Caridad en cuidados de enfermos de SIDA. \n\nUna vez completada la actividad, si los voluntarios quieren comprometerse a asistir a un voluntariado, les pondremos en contacto con las asociaciones que acudan periódicamente. \n', NULL, '21kilometros.org@gmail.com', '21_kilometros.jpg\n', '', '', '', '', '', '2020-11-26 18:26:57', 'http://www.21kilometros.org/'),
(3, 'humana', 'Fomentamos el voluntariado internacional con un programa que combina 3 meses de formación en Dinamarca y 6 en terreno (Malawi, Zambia, Mozambique e India)', 'Voluntariado internacional:\n- 3 meses de formación en Dinamarca (cooperación y desarrollo)\n- 6 meses en terreno (Malawi, Zambia, Mozambique e India)\n- 1 mes de promoción en Europa', NULL, 'voluntarios@humana-spain.org', 'humana.jpg\n', 'https://www.facebook.com/VoluntariosHUMANA/', '', '', '', '', '0000-00-00 00:00:00', ''),
(4, 'Jóvenes para la Misión', 'Grupo de jóvenes de la delegación de misiones de Madrid.', 'Desde su nacimiento en 2007, somos el grupo de jóvenes de la Delegación de Misiones de Madrid, dentro de las OMP de España, y estamos al servicio de toda la diócesis. Como tal, la naturaleza del grupo se apoya en tres pilares fundamentales:\n\nLa oración. Esta debe ser siempre el centro de cualquier vida cristiana, pues como dice el Papa Francisco: “la oración nos cambia el corazón”. Es por ello que todos los primeros viernes de mes nos unimos a todos los jóvenes de Madrid en la Vigilia de Oración que convoca nuestro arzobispo en la Catedral. Y no solo eso, sino que también es nuestra tarea apoyar a los misioneros que están dando su vida cada día en los territorios de misión. \nLa formación, puesto que es vital no solo recibir la llamada de Dios a la misión o a la animación misionera, sino también formarse y conocer todas las implicaciones de la misma. Para ello tenemos un contacto directo con todos los documentos misioneros de la Iglesia, conocemos la espiritualidad de diferentes congregaciones dedicadas a la misión como las misioneras de la caridad o los javerianos y recibimos formación de nuestro delegado. Y todo esto tiene lugar los segundos viernes de mes por la tarde en la Delegación de Misiones. \nLa animación misionera, que consiste en poner en práctica todo lo aprendido y apoyar a la Delegación en todas sus actividades, pues quien tiene vocación misionera es misionero tanto aquí como en tierra de misión. En estas actividades se encuentra desde el DOMUND hasta Vocaciones Nativas, pasando por Sembradores de Estrellas y muchas otras. Es nuestra misión animar la dimensión misionera de cada cristiano pues “un cristiano es misionero desde el bautismo”.\n\nEstamos enamorados de la misión y este es el sitio al que Dios nos llama ahora para ir descubriendo nuestra vocación.\nEstamos al servicio de toda la diócesis, especialmente de los cristianos que quieren conocer la misión, y siempre estás invitado a escribirnos, ponerte en contacto con nosotros o venir una tarde al grupo a conocer el grupo de jóvenes de la Delegación.', NULL, 'pablo.eldeares@gmail.com', 'jovenes-mision.jpg\n', 'https://es-es.facebook.com/JovenesparalaMision', '', '', '', 'https://youtu.be/ljRRzF3cvOY', '2020-11-26 18:29:00', ''),
(5, 'Mater Salvatoris de Kalalé', 'Colegio en kalalé (Benin)', 'Voluntariado en el colegio de Kalalé, dando clases, apoyo', NULL, 'info.kalale@matersalvatoris.org', 'mater-salvatoris.png\n', '', '', 'www.instagram.com/colegiomatersalvatoriskalale', '', '', '2020-11-26 18:30:40', 'http://kalale.matersalvatoris.org/'),
(6, 'Gentinosina Social', 'Asociación sin ánimo de lucro para la cooperación y la acción social de manera local y global. Combate la desigualdad y utiliza el periodismo como arma para sensibilizar a la sociedad sobre las injusticias en nuestro entorno.', '- Voluntariado de verano en Burkina Faso con más de 500 alumnos de escuelas rurales al sur del país. \n- Voluntariado virtual y presencial en España (Madrid y Cáceres)\n- Voluntariado en el hogar Luceros del Amanecer en Nicaragua, con 120 niños y niñas de la ciudad de Camoapa.\n- Voluntariado en la escuela Francisco González Bocanegra en el estado de Sinaloa (México). Oferta de voluntariado pendiente de definir.', NULL, 'jhm@gentinosina.org', 'gentinosina-social.png\n', '@Gentinosina', '', '', '', '', '0000-00-00 00:00:00', ''),
(7, 'GHO VOLUNTARIADO INTERNACIONAL', 'GHO (Grow Helping Others) nace de la necesidad de muchas personas de vivir experiencias inolvidables participando en acciones de voluntariado, contando con un apoyo diario emocional y logístico, que les asegure y les informe sobre la realidad de la experiencia, con el objetivo de crecer personalmente ayudando a otros.', 'Programas de voluntariado desde 2 semanas durante todo el año en:\n\nGhana\n-Proyecto orfanato\n-Proyecto escuela\n-Proyecto salud\n-Proyecto construcción\n\nIndia\n-Proyecto orfanato\n-Proyecto salud\n\nMarruecos\n-Proyecto infantil\n-Proyecto construcción', NULL, 'info@growhelpingothers.com', 'gho.png\n', '@ghovoluntariado', '', '', '', '', '0000-00-00 00:00:00', ''),
(8, 'ASPRODALBA', 'Asociación para la promoción de las personas con discapacidad intelectual del Levante Almeriense.', 'Proyecto de voluntariado para jovenes y de todas las edades en su tiempo de ocio para compartir y dar apoyos a personas cin discapacidad intelectual', NULL, 'voluntariadoasprodalba@gmail.com', 'asprodalba.jpg\n', 'Facebook: ASPRODALBA', '', '', '', '', '0000-00-00 00:00:00', ''),
(9, 'Fundación Amoverse', 'La Fundación Amoverse nace en el año 2001 en el barrio madrileño del Pozo del Tío Raimundo (Vallecas) con el fin de acompañar a los niños/as, adolescentes, jóvenes y sus familias en su inserción social y laboral, impulsando oportunidades de aprendizaje, crecimiento e integración. Hoy contamos con diferentes centros en Vallecas y Tetuan, Madrid, desde donde llevamos a cabo programas integrales de Acompañamiento Famliar, de Intervención Socio-educativa e Intervención socio-laboral.', 'Atendiendo a las necesidades familiares compartidas y específicas de cada barrio, se quiere ofrecer un espacio donde compartir, crecer y aprender unos/as de otros/as. A través del vínculo se va construyendo la propia historia con las fortalezas y dificultades de cada uno atendiendo al área emocional, cognitiva, educativa y social. \n\nTodo esto se lleva a cabo en espacios compartidos a través de actividades, donde convivir, relacionarse e integrarse en el contexto, de manera participativa contando con personas voluntarias, para la búsqueda de la justicia y el cambio social. Sin el voluntariado este sueño no sería posible. \n\nDurante el curso escolar trabajamos con los menores por las tardes desde el espacio de aprendizaje (actividades donde poder desarrollar las competencias que permitan al menor adquirir los conocimientos requeridos a su edad y poder despertar el interés y la curiosidad por aprender) y el espacio de crecimiento (actividades que busquen tanto el autoconocimiento y crecimiento personal como la búsqueda de disfrute y crecimiento a través del juego, las actividades manuales y la relación con los compañeros/as). Durante el verano se realizan los campamentos En función de la edad las actividades se adaptan así que si estás interesado estaremos encantados de ampliarte la información. \n\nAdemas puedes ser voluntario en el área de formación y acompañamiento laboral con jóvenes y adultos y dar apoyo al equipo técnico en gestión, comunicación...', NULL, 'voluntariado@fundacionamoverse.org', 'amoverse.jpg\n', 'https://fundacionamoverse.org/', '', '', '', '', '0000-00-00 00:00:00', ''),
(10, 'Misión País España', '\nMisión País es un proyecto de jóvenes\nmisionero que quiere cambiar España, dándonos a los demás. Nuestra Misión es llevar a Dios a todo el mundo, empezando por los pequeños pueblos de España.', 'Actualmente, tenemos 10 misiones abiertas en 10 pueblos distintos de España!! La misión consiste en ir durante una semana a un pueblo español a misionar, compartir la fe, ayudar, visitar enfermos, hacer voluntariado, dar alegría al pueblo...', NULL, 'antoniobecu@gmail.com', 'mision_pais.jpg\n', 'Instagram: @misionpaisesp o en la web www.misionpais.es', '', '', '', '', '0000-00-00 00:00:00', ''),
(11, 'AMIGOS DE SIERRA LEONA', 'Nuestro objetivo es proporcionar asistencia escolar, sanitaria y alimentaria a los niños huérfanos de Sierra Leona, así cómo participar y contribuir en la mejora de las condiciones de vida de sus habitantes.\n\nPor eso, promovemos desde la base y a píe de campo la educación, la salud y la seguridad alimentaria, además de la gestión de becas y el envío de suministros médicos.', 'El proyecto principal es participar directamente, in situ, en la educación y enseñanza de los niños de la escuela-orfanato de Ma-Tindi, Sierra Leona. También, desde septiembre de 2018, tenemos un centro de salud al lado de la escuela, donde los estudiantes también pueden prestar su ayuda.', NULL, 'salonetiti@yahoo.com', 'amigos-sierra-leona.png\n', 'Email: info@ amigosdesierraleona.com www.amigosdesierraleona.com Facebook: Amigos de Sierra Leona-AD', '', '', '', '', '0000-00-00 00:00:00', ''),
(12, 'Fundación Manantial', 'Fundación Manantial es una entidad sin ánimo de lucro\nformada en 1995 por asociaciones de familiares para mejorar la atención social y sanitaria de las personas con problemas de salud mental.\nNuestro trabajo está orientado a la recuperación de las personas y pretende cubrir sus necesidades de atención social, empleo, tutela y reinserción desde el ámbito penitenciario. Impulsamos y ponemos en marcha iniciativas\nde prevención y atención temprana, sensibilización, asistenciales y psicoterapéuticas que facilitan la incorporación y participación real en la sociedad de las personas con problemas de salud mental.', 'Apoyo en ocio y tiempo Libre.\nAcompañamiento afectivo.\nApoyo en talleres específicos( música, teatro, cómic, baile, robótica ,etc...)', NULL, 'mdiaz@fundacionmanantial.org', 'fund-manantial.png\n', 'https://www.facebook.com/FundacionManantial https://twitter.com/VoluntariosFM https://www.instagram.', '', '', '', '', '0000-00-00 00:00:00', ''),
(13, 'ASOCIACION CULTURAL NORTE JOVEN', 'La MISIÓN de Norte Joven es promover el desarrollo personal y la integración sociolaboral de personas en situación de desventaja social a través de su formación, del acceso al empleo y de la sensibilización de la sociedad', 'somos una escuela de segunda oportunidad para personas que han abandonado el sistema escolar, dándoles una formación cultural básica y en un oficio. Llevamos más de 30 años cambiando proyectos de vida', NULL, 'voluntariado@nortejoven.org', 'norte-joven.png\n', 'www.nortejoven.org', '', '', '', '', '0000-00-00 00:00:00', ''),
(14, 'ClaseaTe', 'Organizamos ocio solidario', 'Los universitarios, asi como cualquier otro voluntario, puede participar como profe impartiendo una clase suelta de la actividad aue elija, recaudando fondos para la ong que desee, asi como asistiendo como participante a cualquiera de nuestros talleres, con su donativo que confirmaría la inscripción al taller. También puedes participar como parte del equipo organizativo de ClaseaTe!', NULL, 'Maite.iturralde@claseate.com', 'claseate.jpg\n', 'Facebook y twitter: ClaseaTe', '', '', '', '', '0000-00-00 00:00:00', ''),
(15, 'KUBUKA', 'Nuestra misión es crear un desarrollo sostenible en las comunidades más vulnerables de Kenia y Zambia, centrándonos en el emprendimiento y en la educación como motores de cambio, apoyando proyectos que nazcan y perduren gracias al esfuerzo y empoderamiento de la comunidad beneficiaria.', 'Nuestros proyectos se centran en educación, emprendimiento e inclusión social; casas de acogida, colegios, proyectos deportivos, centros de tutorías, plantas de reciclaje, microcréditos, etc.', NULL, 'alejandracgil@kubuka.org', 'kubuka.png\n', 'Instagram, facebook, twitter y youtube: KUBUKA', '', '', '', '', '0000-00-00 00:00:00', ''),
(16, 'Misioneros Javerianos y Franciscanas Misioneras de María', 'Misioneros Javerianos, congregación cuya única finalidad es la misión Ad Gentes. Somos Franciscanas Misioneras de María, una congregación que es de diversas naciones y culturas, en un mundo fragmentado, optamos por vivir juntas. Como misioneros y misioneras queremos manifestar el rostro de Dios siendo una presencia que humanice al lado de los que sufren y son abandonados. Nos comprometemos con otros en el cuidado de la creación y al servicio de la paz, de la justicia, allí donde sea más necesario.', 'Campo de trabajo con inmigrantes del 11 al 24 de julio. Queremos vivir la fraternidad con nuestros hermanos y hermanas inmigrantes y ensanchar nuestro corazón a otras realidades, creciendo y formándonos como grupo de fe. Abrazar con nuestras vidas, como Jesús, la fragilidad y vulnerabilidad del inmigrante que sufre la indiferencia del distanciamiento de nuestros corazones. Acercamiento a otras religiones con el deseo de crear puentes y estrechar lazos.\n\nEn Tetuán, Marruecos para los campos de Inmigrantes es dar cariño al inmigrante y así ensanchar el propio corazón. También se descubre el trabajo de la Iglesia en minoría en medio musulmán y una visión del inmigrante fuera del propio país. Se reflexiona, se reza y se comparte.\n\nTenemos otras actividades en el Sur de Marruecos para finales de julio y principios de agosto y quizás algo que se realice en Camerún o Chad que está en proyecto para agosto 2020\n', NULL, 'madridcarab@javerianos.org y rolandoruizduran@yahoo.fr', 'fmm-javieranos.jpg\n', 'Facebook:Misioneros.javerianos', '', '', '', '', '0000-00-00 00:00:00', ''),
(17, 'FUTURE FOR AFRICA', 'Future for Africa is a Ghanaian NGO working at a local level to promote and create an enabling future of hope for children in economically deprived using volunteering to provide and improve access to education, health, water and sanitation in rural communities in northern Ghana.', '- Teaching: Teach in partner schools on subjects such as mathematics, English, physical education, religious and moral education, ICT and Science. Under the supervision of locally trained teachers. Volunteers need not be qualified teachers to do so basic knowledge is sufficient for training the community whilst higher heights will be achieved at due cause.\n- Childcare: working with children that are deprived as a result of bad parenting or not having parents at all, volunteers will be able to have direct contact and help in catering for their needs to enable them feel at home and loved until they are integrated into the society.\n- Sports: our sport projects include football (soccer) which is the most common game in our world, basketball and handball volunteers with such special skill will help in the personal development of young sports men and women in the society.\n- Health care & sanitation: we will coordinate with some health centre and support from the Ghana Health Service to assist in giving medical needs to deprived and sick fellows who need medical attention \n- Construction: Working to improve the local infrastructure, educational facilities and Helping build our proposed training center and shelter. As a member of the construction project. Focusing on improving existing facilities and building on our land. From painting classrooms and creating board displays and plastering.', NULL, 'inesrevgar@gmail.com', 'future4africa.png\n', 'Website: www.future4afrika.org Instagram: @future4africa Twitter: @future4africagh Facebook: @future', '', '', '', '', '0000-00-00 00:00:00', ''),
(18, 'Asociación Pitote', 'Entidad sin animo de lucro que realiza actividades de ocio, deporte, educación y cultura de forma inclusiva.', 'Proyecto de deporte y de ocio donde realizamos diferentes actividades inclusivas en estos ámbitos. Estas actividades se realizan los sábados, gracias a las mismas los participantes se desarrollan a través de la interacción con personas con diferentes capacidades.\nTambién contamos con una semana de campamento, normalmente la primera semana de septiembre, y un campamento urbano la última semana de junio.', NULL, 'asociacionpitote@gmail.com', 'pitote.png\n', 'Facebook: Asociación Pitote, Twitter: @asoc_pitote, instagram: @asociacion_pitote, youtube: Asociaci', '', '', '', '', '0000-00-00 00:00:00', ''),
(19, 'AFS Intercultura España', 'AFS Intercultura es una organización educativa, no lucrativa, sin vinculaciones religiosas o políticas, y empeñada desde hace más de sesenta años en definir, fortalecer y generar aprendizajes en el campo de la interculturalidad. Nuestros programas de inmersión cultural dirigidos a alumnado y profesorado de más de sesenta países nos avalan en cada paso dado hasta el día de hoy.\nAFS Intercultura promueve la movilidad internacional de estudiantes y profesorado en experiencias de inmersión cultural intensivas (dos a seis meses) o anuales, en países como Sudáfrica, Alemania, Japón, Estados Unidos, Nueva Zelanda, Canadá o Francia entre otros destinos. Durante ese período los jóvenes acuden a clase en su nuevo instituto como un alumno más, y el profesorado se puede acercar durante sus vacaciones de verano a otras experiencias educativas en diferentes contextos culturales. \nPor otro lado, todos los años recibimos la visita de estudiantes enviados por nuestros socios internacionales de decenas de países que como los anteriores, estarán matriculados en centros españoles, enseñando y aprendiendo en su particular experiencia de inmersión cultural. En todo caso, para jóvenes participantes de envío o recepción, la experiencia sin duda cambiará sus vidas y les hará ganar en autonomía y autoestima, descubriendo su potencial como ciudadanos y ciudadanas globales. \n\n\nAFS Intercultura forma parte de AFS Intercultural Programs, que tiene su sede en Nueva York (EEUU) y goza de status consultivo ante el Consejo Económico y Social (ECOSOC) de la ONU (Organización de Naciones Unidas). Es miembro fundador de la Federación Europea para el Aprendizaje Intercultural (EFIL por sus siglas en inglés). EFIL agrupa a todas las entidades de AFS (28) presentes en los diferentes países europeos junto con Egipto, Túnez y Turquía. Esta organización, con sede en Bruselas, colabora con la Unión Europea en programas de educación intercultural, tiene rango consultivo ante la Organización de Naciones Unidas para la Educación, la Ciencia y la Cultura (UNESCO) y el Consejo de Europa. Además es miembro del European Youth Forum, una organización internacional creada por los consejos nacionales de la juventud y organizaciones no gubernamentales juveniles internacionales para representar los intereses de los/as jóvenes de toda Europa.\nAFS Intercultura pertenece al Consejo de la Juventud de España y está reconocida por el INJUVE (Instituto de la Juventud – Ministerio de Sanidad, Consumo y Bienestar Social) como entidad prestadora de servicios a la juventud.', 'Área de atención al Estudiante y a las Familias: \n• Tutorías\n• Orientaciones\n\nÁrea de atención a los centros educativos:\n• Acompañamiento\n• Acciones de sensibilización.\n\n\n\nÁrea de sensibilización y promoción:\n• Promoción de AFS Intercultura.\n• Promoción de los programas de AFS Intercultura.\n• Campañas de familias para acogimiento.\n• Campañas de voluntarios/as.\n\n\nÁrea de selección:\n• Entrevistas a candidatos de envío.\n• Entrevistas a familias de acogida.\n• Realización de jornadas de selección.\n', NULL, 'cristina.mesa@afs.org', 'afs-intercultura.png\n', 'Instagram:afsintercultura_Esp y Facebook:AfsInterculturaEspana', '', '', '', '', '0000-00-00 00:00:00', ''),
(20, 'Viajes Tumaini', 'Tumaini es una entidad sin ánimo de lucro registrada desde el año 2013 que facilita la realización de viajes solidarios y voluntariado internacional para empoderar a pequeñas ONG de África, Asia y América Latina. Trabajamos en 8 países diferentes y formamos y acompañamos a personas que quieren colaborar para construir un mundo más justo y solidario. Creemos en los viajes como herramienta de sensibilización, para abrir mentes y cambiar realidades.', 'Trabajamos con 18 proyectos de diferentes ámbitos (educativos, medio ambiente, centros de rescate de animales) en India, Nepal, Tailandia, Camboya, Indonesia, Kenia, Perú y Bolivia', NULL, 'info@viajestumaini.org', 'viajes-tuamini.jpg\n', 'Facebook: viajessolidariostumaini, Twitter:ViajesTumaini y Instagram:viajestumaini\n', '', '', '', '', '0000-00-00 00:00:00', ''),
(21, 'Sociedad de Misiones Africanas', 'Solidarios es una asociación de voluntarios sociales con más de 30 años de trabajo reconocido con diferentes colectivos en exclusión social: personas sin hogar, personas mayores, con diagnóstico de enfermedad mental, en prisiones y en hospitales. Está Declarada de Utilidad Pública.', 'Todo el voluntariado (Aulas de cultura en prisiones / Ocio con personas con enfermedad mental / acompañamiento a mayores / atención a personas sin hogar / visitas hospitalarias)', NULL, 'corinamora@solidarios.org.es', '', 'Facebook, Twitter y Instagram: @solidarios_es', '', '', '', '', '0000-00-00 00:00:00', ''),
(22, 'Asociación BLUA', 'BLUA voluntariado, es una organización sin ánimo de lucro cuyo objetivo principal es la sensibilización hacia cuestiones ambientales impulsando la preservación de la biodiversidad de nuestro planeta por el bienestar de las generaciones futuras. Ofrece voluntariados internacionales de corta o larga estancia en proyectos de protección de fauna salvaje, conservación, educación medioambiental y desarrollo sostenible.', 'Blua conecta a voluntarios de cualquier parte del mundo con pequeñas y grandes ONG, Fundaciones, Reservas y Santuarios que trabajan en la protección de fauna salvaje, la conservación y educación medioambiental y el desarrollo sostenible seleccionados por su seriedad, ética y compromiso con el planeta. Los proyectos de voluntariado tienen una participación mínima de 1 o 2 semanas y algunos dan la oportunidad de realizar prácticas o desarrollar investigaciones o trabajos de grado.', NULL, 'info@bluavoluntariado.org', 'blua.jpg\n', 'Facebook e Instagram: bluavoluntariado.', '', '', '', '', '0000-00-00 00:00:00', ''),
(23, 'HOGAR D.ORIONE', 'Centro residencial para personas adultas con discapacidad intelectual y alto nivel de dependencia.', 'Colonias de Cercedilla', NULL, 'marhernandez@orionistas.org', 'don_orione.jpg\n', 'Instagram:hogardonorione y Web: http://hogardonorione.org/', '', '', '', '', '0000-00-00 00:00:00', ''),
(24, 'AMAQTEDU', 'Voluntariado con personas sin hogar y en riesgo de exclusión por medio del arte. Actualmente, trabajando y desarrollando proyectos con Cáritas', 'Dos proyectos con Cáritas: Urgel y Laguna. En ambos centros, tenemos sesiones semanales: en Urgel son viernes y domingo; y en Laguna los viernes. \nPor otro lado, nos gustaría aumentar los talleres desarrollados y así, poder trabajar en más centros de Cáritas y con otras instituciones como Geranios.', NULL, 'javiergbalbin@gmail.com', 'amaqtedu.jpg\n', 'Instagram: @amaqtedu', '', '', '', '', '0000-00-00 00:00:00', ''),
(25, 'Youth, Wake-Up!', 'Somos un grupo de jóvenes comprometidos, profesionales y voluntarios que trabajamos en la transformación social de colectivos desfavorecidos en zonas de conflicto, a través de la involucración de los jóvenes en proyectos de cooperación y acción social. Los jóvenes locales se convierten así en los promotores de un cambio real en sus comunidades. \n\nA través de la colaboración intercultural entre jóvenes y entidades locales llevamos a cabo múltiples proyectos que contribuyen a la reducción de las desigualdades derivadas del contexto social, político y económico. Nuestras líneas de acción se centran en: el fomento de la paz y del voluntariado local, sanidad, vivienda, educación y ocio. \n\nGracias al trabajo de nuestros voluntarios llegamos a colectivos especialmente desfavorecidos en estas zonas de conflicto: jóvenes y niños en riesgo de exclusión social o con diversidad funcional, personas mayores sin recursos sociales o financieros, familias vulnerables y personas con enfermedades mentales.', 'Desde Youth, Wake-Up! ofrecemos dos programas de voluntariado:\n- Un programa de Larga Estancia- de 3 meses de duración, durante los meses de septiembre a junio, donde desarrollamos los proyectos mencionados anteriormente.\n- Un programa de verano- de 1 mes de duración, julio o agosto completo. Durante los meses de verano desarrollamos 2 summer camps además de dar apoyo a los proyectos desarrollados a lo largo del año.', NULL, 'volunteers@youthwakeup.org', 'youth-wake-up.png\n', 'Instagram: @youthwup Facebook: @youtwup Web: www.youthwakeup.org', '', '', '', '', '0000-00-00 00:00:00', ''),
(26, 'Cooperatour', 'ONGd especializada en la organización de voluntariados internacionales y viajes solidarios.', 'Proyectos educativos, medioambientales y sanitarios en Asia, Latinoamérica y África.', NULL, 'david@cooperatour.org', 'cooperatour.jpeg\n', 'Instagram, Facebook, Youtube, Pinterest: Cooperatour', '', '', '', '', '0000-00-00 00:00:00', ''),
(27, 'FUNDACIÓN HOGAR SÍ (RAIS)', 'Acompañamiento a la inserción sociolaboral de personas sin hogar', 'Proyectos de voluntariado en distintos proyectos con personas sin hogar (pisos semitutelados, pisos housing first, housing led, centro de día, etc)', NULL, 'sara.martinp@hogarsi.org', '', 'Web: https://hogarsi.org/', '', '', '', '', '0000-00-00 00:00:00', ''),
(28, 'AFAIJ Asociación para la Formación y las Actividades Interculturales para la Juventud', 'Voluntariado internacional, programa voluntariado europeo (Servicio Voluntario Europeo y Cuerpo Europeo de Solidaridad).', 'Voluntariado de distintos proyectos sociales o culturales en el extranjero de corta o larga duración', NULL, 'sve@afaij.org', 'afaij.gif\n', 'Facebook:AFAIJ-Voluntariado Internacional, Instagram: afaijspain y Web: https://afaij.org/', '', '', '', '', '0000-00-00 00:00:00', ''),
(29, 'ASOCIACIÓN SÍNDROME 22q11', 'La Asociación Síndrome 22q11, es una entidad sin ánimo de lucro constituida en el año 2011, por un grupo de seis familias apoyadas por el Departamento de Genética del Hospital Universitario La Paz, que, ante la poca información y conocimiento sobre el Síndrome 22q11.2, se unen con el objetivo de sensibilizar y visualizar socialmente su existencia, ofrecer apoyo y acompañamiento social y luchar por los derechos e intereses de las familias y afectados.\n\nEn el desarrollo de sus actividades la figura del voluntariado social es una pieza clave en la atención a estas personas, de ahí que la Asociación siempre muestre gran interés en participar de las acciones que de ellas y para ellas derive.\n\nEn definitiva, es un grupo humano abierto y participativo, que pretende crear un futuro mejor y más solidario para todas las familias y afectados por el Síndrome 22q11.2.', 'La Asociación realiza proyectos a través de los que la figura del voluntariado es un valor añadido en las actividades, especialmente la de los más pequeños.\n- Respiro familiar: proyecto de ocio inclusivo destinado a diferentes franjas de edad. Los niños afectados por el Síndrome 22q11 tienen dificultades para relacionarse al carecer de habilidades sociales. Este espacio pretende ser un escenario idóneo para que estos niños y niñas tengan un espacio dedicado a la diversión y a la amistad. Está abierto a afectados, hermanos, primos, amigos del cole y al barrio.\n- Café para familias: actividades de ocio dirigidas mientras lo padres tienen un espacio dónde compartir experiencias y miedos. Este espacio para las familias es muy importante ya que entre ellos se ofrecen esa parte de entendimiento emocional dónde el profesional no siempre puede llegar.', NULL, 'Trabajadorsocial@22q.es', '22q.jpg\n', 'Facebook: 22q.es, Twitter: @22q_es y  Web: http://www.22q.es', '', '', '', '', '0000-00-00 00:00:00', ''),
(30, 'Cooperación Internacional', 'Asociación que busca formar a la gente joven en una cultura de la solidaridad', 'Programa de voluntariado estable con distintos colectivos y Friday Revolution', NULL, 'gvillalon@ciong.org', 'cooperacion-iternacional.png\n', 'twitter:@cooperacion, Instagram: cooperacion_internacional_ong  y Youtube: Cooperación Internacional', '', '', '', '', '0000-00-00 00:00:00', ''),
(31, 'Jardín de Amor España', 'Proyecto guatemalteco que ofrece un servicio educativo, sanitario y alimentario a 140 niñxs en situación extrema de pobreza en Santa María de Jesús.', 'Finalización del centro de Secundaria\nAmpliación del centro de educación de primaria \nApoyo educativo en las aulas', NULL, 'paula_96_@hotmail.es', 'jardin-de-amor.png\n', '@jardin.de.amor', '', '', '', '', '0000-00-00 00:00:00', ''),
(32, 'Fundación Manuel María Vicuña', 'Promovemos el desarrollo humano de niñas y niños, jóvenes y principalmente mujeres en situación de vulnerabilidad socioeconómica, a través de una educación integral de calidad que actúa como motor de cambio social.', 'Proyectos de cooperación internacional Norte - Sur, Sur- Norte y Europa', NULL, 'funmmv.social@gmail.com', 'fmmv.jpg\n', 'Facebook, Instagram: Fundación Manuel María Vicuña', '', '', '', '', '0000-00-00 00:00:00', ''),
(33, 'Asociación Bokatas', 'Acompañamiento a personas sin hogar', '1. Realizar ruta de calle de acompañamiento a personas sin hogar una vez a la semana. \n2. Acompañamiento en el centro Tandem de Bokatas\n3. Charlas y talleres en colegios y otras instituciones con el objetivo de sensibilizar sobre el sinhogarismo.', NULL, 'Irenefl@msn.com', 'bokatas.png\n', 'Facebook e instagram: Asociación Bokatas', '', '', '', '', '0000-00-00 00:00:00', ''),
(34, 'Sociedad de Misiones Africanas', 'Sacerdotes y laicos comprometidos con la Primera Evangelización y el desarrollo de los pueblos de África que aún no conocen a Jesucristo y los más abandonados.', 'Conocimiento e integración en la vida de los pueblos de África y trabajo en apoyo a niños y acompañamiento a enfermos. Compartir con ellos la fe en Jesucristo que nos mueve a ser misioneros.', NULL, 'asekovis@hotmail.com', '', 'Facebook, Instagram:Sociedad de Misiones Africanas', '', '', '', '', '0000-00-00 00:00:00', ''),
(35, 'Fundación Soñar Despierto', 'Soñar Despierto es una Fundación con presencia en Barcelona, Madrid, Valencia y Sevilla, que desde hace más de una década colabora con los centros de acogida donde viven menores que, por diversos motivos, han tenido que ser separados de sus familias y han pasado a ser tutelados por el Estado.\n\nEl objetivo principal de Soñar Despierto radica en conseguir que todos ellos cuenten con las mismas oportunidades que el resto de niños de su edad, independientemente de las circunstancias que les han tocado vivir.\n\nNuestra misión es acompañar y apoyar a los menores residentes en centros de acogida, centros abiertos y centros residenciales procedentes de ambientes marginales y familias desestructuradas, desde el momento de su entrada el centro hasta que alcanzan la autonomía.\n\nY además, fomentar la participación social de la ciudadanía a través de acciones como el voluntariado implicado y responsable.', 'Los programas de voluntariado en Soñar Despierto son:\n\n- Educar Sonrisas, en el que un voluntario acude al centro de acogida a ayudar siempre al mismo niño/grupo de niños con los deberes del colegio o a mejorar en una asignatura en concreto.\n\nLa mayoría de los menores residentes en estos centros presentan un gran retraso en los estudios que, a medida que crecen, limita sus posibilidades a la hora de dar el salto a la vida adulta. Desde Soñar Despierto buscamos que los niños encuentren en los voluntarios un referente y una figura de apoyo que les acompañe a la hora de sacar adelante sus estudios.\n\n- Amigos Para Siempre, en el que un voluntario acude a la residencia durante el fin de semana a disfrutar de un tiempo de ocio con un grupo de niños (salir a merendar, ir a jugar al parque, dar un paseo...).\n\nPese a que los menores están perfectamente atendidos en los centros, presentan muchas veces grandes carencias afectivas y una serie de limitaciones a la hora de disfrutar del tiempo de ocio. En Soñar Despierto creemos en la importancia de que un niño juegue y se divierta, para ello, confiamos plenamente en la capacidad de nuestros voluntarios para hacerles disfrutar y sentirse especiales durante unas horas a la semana.', NULL, 's.dejuana@sdespierto.es', 'sonar-despierto.png\n', 'https://www.instagram.com/sdespiertomadrid/', '', '', '', '', '0000-00-00 00:00:00', ''),
(36, 'Religiosos Camilos', 'Dedicados a la humanización de la salud, cuidamos y enseñamos a cuidar', 'Voluntariado con personas mayores, final de la vida, acompañamiento en demencia, posibilidad de campo de trabajo y voluntariado internaconal', NULL, 'roberto@camilos.es', 'religiosos-camilos.jpg\n', 'https://www.camilos.es o en facebook y twiter: Religiosos Camilos', '', '', '', '', '0000-00-00 00:00:00', ''),
(37, 'Campos Misioneros de Trabajo', 'Proyecto de jóvenes que nace en la Parroquia de Santa María de Majadahonda. Los jóvenes que forman parte de CMT vienen a vivir una experiencia de misión junto a los misioneros de la caridad.', 'Ofrece una experiencia de misión junto a las Misioneras de la Caridad en verano en diferentes detinos, este último año estuvimos en Tánger, Barcelona, Sabadell, Lisboa y Zurich.\nDurante el año hay reuniones mensuales para formarse antes de la experiencia de verano.\nViviendo siempre tres pilares Grupo, Trabajo y Oración.', NULL, 'camposmisionerosdetrabajo@yahoo.es', 'cmt.jpg\n', 'camposmisionerosdetrabajo@yahoo.es', '', '', '', '', '0000-00-00 00:00:00', ''),
(38, 'Misioneras de la Caridad', 'Orden religiosa fundada por Madre Teresa de Calcuta.', 'A sus casas se puede ir como voluntarios tanto a las de Madrid como a las de el resto del mundo.', NULL, 'camposmisionerosdetrabajo@yahoo.es', 'misioneras_caridad.png\n', 'camposmisionerosdetrabajo@yahoo.es', '', '', '', '', '0000-00-00 00:00:00', ''),
(39, 'Fundación Síndrome de Down de Madrid (Down Madrid)', 'Desde Down Madrid trabajamos por mejorar la calidad de vida de las personas con síndrome de Down u otras discapacidades intelectuales y sus familias.', 'Voluntariado en diferentes actividades ocio, deporte, centro ocupacional, TIC, viajes y campamentos urbanos, entre otros.', NULL, 'diliana.rodriguez@downmadrid.org', '', 'Twiteer, Facebook. Instagram. Linkedin', '', '', '', '', '0000-00-00 00:00:00', ''),
(40, 'MasFuturo', 'Ayuda sin límite a madres en exclusión social y a seguir adelante con su embarazo', 'Recogida de alimentos, clases particulares, clases profesionales', NULL, 'A.masfuturo@gmail.com', 'mas-futuro.jpg\n', '@masfuturo, #ResjuanPabloII', '', '', '', '', '0000-00-00 00:00:00', ''),
(41, 'ASOCIACIÓN REDMADRE', 'La Asociación REDMADRE ofrece una ayuda real y concreta a todas aquellas madres que, por cualquier causa o circunstancia se encuentran solas ante un embarazo.', 'Voluntariado en nuestros almacenes y recogida de donaciones, además por supuesto de transmitir nuestro mensaje donde se encuentren.', NULL, 'comunicacion@redmadremadrid.es', 'red-madre.jpg\n', 'Instagram y Facebook:ASOCIACIÓN REDMADRE', '', '', '', '', '0000-00-00 00:00:00', ''),
(42, 'TECHO INTERNACIONAL', 'Buscamos la superación de la pobreza extrema en Latinoamérica desde el trabajo en conjunto entre jóvenes voluntario y pobladores de los asentamientos a través de la construcción de viviendas de emergencia.', 'Desde la coordinación de ares de construcción, voluntariado, fondos y cooperación, hasta voluntario en cualquiera de nuestras areas tanto comerciales como sociales. El liderazgo facilitador es nuestro goal standard en cuanto a voluntariado se trata.', NULL, 'jose.pandares@techo.org', '', '@techo_eu', '', '', '', '', '0000-00-00 00:00:00', ''),
(43, 'CARITAS MADRID UNIVERSITARIA', 'Te lo cuento en persona ;)', '¿No los conoces.....?', NULL, 'p.enriquerueda@gmail.com', 'caritas.jpg\n', 'https://twitter.com/CaritasDPUMad ; https://www.instagram.com/caritasmadriduniversitaria/', '', '', '', '', '0000-00-00 00:00:00', ''),
(44, 'Inakuwa Asociación', 'Inakuwa es un proyecto de cooperación en el que estudiantes y profesionales de todas las disciplinas se unen para lograr el desarrollo económico y social de comunidades sin recursos a través de lo único que se necesita para cambiar el mundo: la educación. Lo hacemos a través de un modelo integral de desarrollo donde cooperan cursos educativos, formación de formadores, trabajo con autoridades locales y una importante alianza con la universidad.', 'Los universitarios podrán formar parte de nuestros proyectos de cooperación, que tienen lugar en Rau (Moshi, Tanzania) y en Madrid, como voluntarios-cooperantes que desarrollarán un curso/taller, una investigación o un trabajo de formación a formadores o a autoridades locales. También podrán colaborar de manera puntual con la asociación y con el sustento logístico de la misma.', NULL, 'mariacaso98@hotmail.es', 'inakuwa.png\n', 'Instagram y facebook: @inakuwa_official y correo: colabora@inakuwa.org', '', '', '', '', '0000-00-00 00:00:00', ''),
(45, 'ASOCIACIÓN TAOUS (ASOT)', 'Asociación Taous (ASOT) es un programa de voluntariado de bajo coste\ndedicado a proporcionar a sus participantes la oportunidad de desarrollar\ndistintos proyectos en el Marruecos más auténtico.\nASOT surge a partir de la colaboración entre un miembro de la asociación\namericana Peace Corps Volunteer y los jóvenes marroquíes que residen en la\nzona donde se realiza el programa.', 'Nuestro proyecto o labor consiste entre otros valores, en:\nFacilitar el entretenimiento de los niños y jóvenes de Boudnib y alrededores, a\ntravés de actividades guiadas que promuevan un uso sano y productivo del ocio\ny tiempo libre.\nAportar conocimientos de idiomas (español, inglés, francés…), a fin de que esto\nfavorezca las oportunidades laborales y la calidad de vida de los chicos.\nElaborar proyectos educativos basados en distintos ámbitos (educación para la\nsalud, medio ambiente, sostenibilidad, convivencia, paz y\ndesarrollo…) que favorezcan el desarrollo personal de los jóvenes.\nFavorecer la educación en valores, los cuales son comunes para todos,\nindependientemente de nuestra cultura, religión o país. De este modo,\ntrabajaremos la igualdad, el respeto, el compañerismo, la tolerancia, la\nsolidaridad, la cortesía…etc.\nConcienciar al voluntario de que, el turismo responsable, la ayuda humanitaria y\nla cooperación internacional son las mejores vías para viajar y conocer el\nmundo, al mismo tiempo que permiten abordar desafíos comunes.', NULL, 'Taousaso@gmail.com', 'taous.jpg\n', 'Facebook (Asociación Taous-Asot); Twitter (@asociacionTaous); Instagram (@asociacionTaous); Website ', '', '', '', '', '0000-00-00 00:00:00', ''),
(46, 'ONGAWA', 'ONGAWA Ingeniería para el Desarrollo Humano es una ONG (Organización No Gubernamental) de Desarrollo que tiene como misión poner la tecnología al servicio del desarrollo humano para construir una sociedad más justa y solidaria. Luchamos para acabar con la pobreza y las desigualdades, especialmente las de género, y ponemos especial atención a los colectivos más vulnerables. Nos comprometemos con procesos de desarrollo que consigan resultados sostenibles en el tiempo y trabajamos por la realización plena de los derechos humanos, especialmente los de agua y saneamiento. En España, impulsamos una ciudadanía global, formada por personas comprometidas que no toleren la pobreza, con un pie en la calle y otro en las redes y aspiramos a contribuir a una universidad comprometida con el desarrollo humano sostenible.', 'Nuestra propuesta en la Universidad se presenta bajo el programa Global Challenge: \n- QUÉ ES: programa de voluntariado universitario en el que los estudiantes son protagonistas y por el que han pasado más de 3.000 alumnos/as\n- DESDE CUÁNDO El programa lleva 5 años en la UPM, universidad pionera en impulsarlo. Durante este curso se ha extendido a diez Universidades públicas de España. \n- CUÁL ES EL OBJETIVO: fortalecer las capacidades del alumnado para contribuir a un mundo más justo y sostenible, empezando por la Universidad\n- CON QUÉ ACTIVIDADES:, a través de espacios de formación, debate y participación\n- CÓMO SE TRABAJA: Todas las actividades están diseñadas por y para estudiantes, acompañadas por la Dirección de Cooperación y profes de UPM y por ONGAWA e Inspiraction\n- QUÉ APORTA A LAS/OS VOLUNTARIAS/OS (dicho por ellas/os): Trabajo en equipo, comunicación y escucha activa, trabajo en red, gestión positiva de conflictos, optimismo en la transformación social, conocimiento de la realidad, capacidad de análisis crítico de la realidad…\n', NULL, 'matilde.jimenez@ongawa.org', 'ongawa.jpg\n', 'https://twitter.com/OngawaUni, https://www.instagram.com/globalchallenge.ongawa/', '', '', '', '', '0000-00-00 00:00:00', ''),
(47, 'Asociación Lux Mundi', 'Asociación católica formada por laicos dedicada a la formación y a poner en contacto con experiencias de voluntariado a los interesados.', 'Formaciones, voluntariados de invierno, experiencias misioneras en verano.', NULL, 'javiervjinu@gmail.com', 'lux-mundi.jpg\n', 'Instagram: @a.luxmundi', '', '', '', '', '0000-00-00 00:00:00', ''),
(48, 'Jatari', 'Somos una asociación que colaboramos con la misión de San Ramón, en el distrito de Chanchamayo, Perú. Y como las ganas de ayudar no se nos quitan en Madrid, colaboramos con distintas órdenes religiosas y asociaciones para hacer voluntariados.', 'En verano una misión católica en Perú, en la que trabajamos con niños en su mayoría, y en Madrid tenemos apoyo escolar en parroquias de Vallecas.', NULL, 'asociacionjatari@gmail.com', 'jatari.png\n', '@misionjatari', '', '', '', '', '0000-00-00 00:00:00', ''),
(49, 'Fundación Entreculturas', 'ONGD Cooperacion Internacional basada en educación.', 'Voluntariado internacional de corta y larga duración.', NULL, 'a.galera@entreculturas.org', '', 'Integram, facebook y twitter:Fundación Entreculturas', '', '', '', '', '0000-00-00 00:00:00', ''),
(50, 'ASOCIACIÓN BARRO', 'Barró es una asociación socioeducativa, sin ánimo de lucro, que se inició en 1994 en el barrio de Vallecas de Madrid. Pretende intervenir, de forma sistemática y continuada, en coordinación con diferentes grupos e instituciones del entorno. Su finalidad fundamental es crear un espacio socioeducativo, de desarrollo personal y comunitario, para población en situación de vulnerabilidad, marginación y/o exclusión social.', '.\n', NULL, 'eva.atance@asociacionbarro.org', 'barro.gif\n', '@ASOCIACIONBARRO', '', '', '', '', '0000-00-00 00:00:00', ''),
(51, 'AMUSI', 'AMUSI es una ONG formada por jóvenes con ganas de colaborar en proyectos socioeducativos en diferentes regiones de Mozambique. Surgió de estas mismas ganas comunes de aportar lo que cada uno sabe en su campo para crear proyectos que pudieran mejorar la educación de los jóvenes.', 'A día de hoy contamos con dos proyectos entrelazados: la organización de un campamento de verano para los alumnos de la Escuela Primaria de Lumbo (Nampula) y la creación de una \'semana cultural\' con actividades lúdico-formarivas a impartir en un Jardim Infantil de la ciudad de Nampula.', NULL, 'almormin@gmail.com', 'amusi.jpg\n', 'Instagram: amusi_mozambique / www.amusi.org / amusimozambique@gmail.com', '', '', '', '', '0000-00-00 00:00:00', ''),
(52, 'MISION CEBU', 'Voluntariado de mision en filipinas. Organización que nace hace más de 3 años a través de la parroquia de Santo Tomás Moro, Majadahonda. Somos todo jóvenes emprendedores con la voluntad de trabajar y servir al prójimo. En este contexto, estamos involucrados más de 60 personas y sigue creciendo a medida que pasa el tiempo. Trabajamos durante el año para poder financiar la ayuda en Filipinas y nos apoyamos y colaboramos con otras asociaciones y parroquias tanto europeas como filipinas.', 'Proceso de Construcción e instalación completa en infraviviendas de paneles solares y aerogeneradores\n\nConstrucción de colectores de agua de lluvia y red de abastecimiento al barrio de pulangbato. Filipinas.\n\nTerminar cerramientos y cubierta de famrschool para la educación y formación agrícola de los filipinos\n\nTerminar cerramientos, solado e interior de capilla', NULL, 'miguelczo.diaz@gmail.com', 'mision-cebu.png\n', 'Instagram @misioncebu y misioncebu.org', '', '', '', '', '0000-00-00 00:00:00', ''),
(53, 'SETEMMCM', 'Somos una ong que trabaja para erradicar las injusticias entre los paises del Norte y del Sur , trabajandolo mediante la sensibilización y educación , apoyando el Comercio Justo', 'Estancias de uno o dos meses en verano en Paises del Sur , para conocer en primera persona otra realidad muy distinta a la que vivimos , viajando a Bolivia, Honduras, Guatemala, India, Nepal ,', NULL, 'vvalentin@setem.org', 'setem.jpg\n', '@setem_MCM', '', '', '', '', '0000-00-00 00:00:00', ''),
(54, 'Por la Sonrisa de un Niño', 'PSE (Por la Sonrisa de un niño) Es ONG francesa que se encuentra en Camboya. Se encarga de proteger y escolarizar a niños desde infantil hasta formaciones profesionales, para asegurarles un trabajo y un futuro digno fuera de las calles. Actualmente también tiene proyectos destinados a la formación de madres y padres de las familias acogidas por la ONG.\n\nLa pagina web es la siguiente: https://www.psncamboya.org', 'Durante el mes de verano si eres mayor de 19 años puedes ir como voluntario (monitor) al Programa de Continuidad Escolar que se realiza para que en el mes de agosto, en el que los niños no tienen clases, no vuelvan a las calles o los vertederos. \n\nAdemás de cómo monitor de tiempo libre, se puede ir como dentista o médico, ya que existen proyectos destinados a la salud. \n\nTambién se puede participar en España dentro de distintos equipos con la finalidad de recaudar fondos y dar a conocer PSE.', NULL, 'sensibilizacion@psncamboya.org', 'por-la-sorisa-nino.png\n', 'Instagram: @pse_espana Twitter: @PSNCamboya Facebook: pse.porlasonrisadeunnino', '', '', '', '', '0000-00-00 00:00:00', ''),
(55, 'Cruz Roja Española', 'La Cruz Roja Española es una institución humanitaria, de carácter voluntario y de interés público. Trabajamos en las áreas de conocimiento de socorros, intervención social, empleo, salud, educación, medio ambiente y en el ámbito internacional. Trabajamos cada día para estar más cerca de las personas.', 'Hay una gran variedad de proyectos disponibles desde actividades con infancia en diferentes contextos, realizando entrevistas personales para acoger y valorar las necesidades de las personas que solicitan ayuda a Cruz Roja, ayuda y seguimiento en itinerarios hacia el empleo, o realizando talleres de diferentes temáticas (salud, medio ambiente, prevención de conductas violentas etc).', NULL, 'rebecca.tolosa@cruzroja.es', 'cruz-roja.png\n', 'Cruz Roja Comunidad De Madrid (Fb, Twitter, Instagram)', '', '', '', '', '0000-00-00 00:00:00', '');

-- --------------------------------------------------------

--
-- Estructura de tabla para la tabla `ongs_ant`
--

DROP TABLE IF EXISTS `ongs_ant`;
CREATE TABLE `ongs_ant` (
  `id_ong` int(10) UNSIGNED NOT NULL,
  `nombre` varchar(255) CHARACTER SET latin1 NOT NULL,
  `descripcion` text CHARACTER SET latin1 NOT NULL,
  `proyecto` mediumtext CHARACTER SET latin1 NOT NULL,
  `email` varchar(63) CHARACTER SET latin1 NOT NULL,
  `logo` varchar(63) CHARACTER SET latin1 NOT NULL
) ENGINE=InnoDB DEFAULT CHARSET=utf8;

--
-- Volcado de datos para la tabla `ongs_ant`
--

INSERT INTO `ongs_ant` (`id_ong`, `nombre`, `descripcion`, `proyecto`, `email`, `logo`) VALUES
(1, '21Kilómetros', '21Kilómetros es un proyecto solidario que comenzamos un pequeño grupo de jóvenes del sector universitario y profesional. Nuestro objetivo es difundir la solidaridad entre nuestros círculos, para ello organizamos diferentes voluntariados puntuales por todo Madrid. Funcionamos también como banco de voluntarios para actividades solidarias que organicen otras entidades y ponemos en contacto a nuestros voluntarios con las asociaciones con las que colaboramos para que puedan comprometerse a realizar un voluntariado peorioródicamente. Queremos dar a conocer todas las oportunidades que ofrece Madrid para hacer voluntariado durante el curso, y que los jóvenes del sector universitario y profesional se den cuenta de que cambiar el mundo está en sus manos.', 'Organizamos todo tipo de voluntariados, nuestro fin es dar a conocer a los jóvenes del entorno universitario y profesional todas las opciones que tienen para hacer voluntariado durante el año. Organizamos por ejemplo partidos de fútbol en la cárcel, visitas a enfermos y ancianos, recogida de bienes y alimetos para familias sin recursos y gente de la calle... A día de hoy, hemos colaborado con la Fundación Madrina, el Hospital Universitario Niño Jesús, Cooperación Internacional, la Fundación Dalma, Cáritas Universitario, el Hospital Nuestra Señora de América, Danza Down, la Fundación Prodein y otras entidades como el centro penitenciario de Valdemoro y el albergue Santa María de la Paz (entre otras). Estamos buscando permanentemente nuevas colaboraciones con diferentes entidades para ofrecer todo tipo de voluntariados.', '21kilometros.org@gmail.com', '21_kilometros.jpg'),
(3, 'AFAIJ -ASOCIACION PARA LA FORMACION Y LAS ACTIVIDADES INTERCULTURALES PARA LA JUVENTUD', '', 'Cuerpo Europeo de solidaridad: enviar jóvenes para hacer una experiencia de voluntariado en Europa en diferentes ámbitos completamente subvencionada por la UE. VOLEXPRESS/ICYE: voluntariado privado - enviamos jóvenes para hacer una experiencia de voluntariado en todo el mundo. Podemos hacer convenios con universidad para convalidarla como practica curricular. Practicas y voluntariado en AFAIJ: gestionando los programas de voluntariado europeo, y apoyando en las actividades diarias de la oficina como contestar correos, contactar con nuestros partners, contactar con los voluntarios etc.', 'sve@afaij.org / m.delacruz@afaij.org', '22q.jpg'),
(4, 'AMAQTEDU', 'Somos una asociación que trabaja con las personas sin hogar por medio del arte. Preparamos cursos de formación artística y los ofrecemos a otras asociaciones para ayudarles en su labor e ir creando redes. Nuestras sesiones incluyen pintura, teatro, fotografía y literatura. ', 'Ofrecemos la participación en centros de acogida los fines de semana con las sesiones y el acompañamiento. Rutas por Madrid repartiendo bocadillos y compartiendo tiempo con las personas sin hogar. Ferias, exposiciones y conciertos benéficos. Charlas de concienciación en colegios y universidades. ', 'javiercasconcoca@gmail.com', 'afaij.jpg'),
(5, 'Amusi', 'Amusi es una asociación formada por jóvenes universitarios con el fin de ayudar al desarrollo en comunidades de Mozambique con carencias en el ámbito educativo.', 'Colaboración con la ONG, con posibilidad de experiencia en terreno durante 1 mes.', 'amusimozambique@gmail.com', 'amaqtedu.jpg'),
(6, 'ASOCIACION ANGELES URBANOS', 'Centro ocupacional para discapacitados,reparto alimentos,cursos adultos,etc', 'atención niños y adultos dicapacidad,enseñanza', 'angelesurbanos4@gmail.com', 'amusi.jpeg'),
(7, 'Asociación Bokatas', 'Acompañamiento a personas sin hogar en calle y en un centro de acompañamiento. ', 'Rutas de calle (20.30-23.30 h) y centro de acompañamiento (fin de semana). ', 'esperanza.vera@bokatas.org', 'asociacion-barro.png'),
(8, 'Asociación Flores de Kiskeya', 'Flores de Kiskeya es una organización sin ánimo de lucro que nace para ayudar a las mujeres adultas y adolescentes, más vulnerables de Anse-à-Pitres (sureste de Haití), proporcionándoles apoyo emocional, físico y psicológico durante el embarazo, el parto y el postparto. La asociación propone soluciones a una comunidad en la que las mujeres suelen ser víctimas de maltrato y violaciones. Flores de Kiskeya trabaja también para darles un seguimiento médico y nutricional a ellas y a sus hijos y les ofrece educación, formación y asesoramiento para facilitar el autoempleo y hacer autosostenibles los propios proyectos de la asociación.', 'Actualmente necesitamos voluntarios tanto terreno como para el equipo de España. ', 'info@floresdekiskeya.org', 'bokatas.jpg'),
(9, 'ASOCIACIÓN HONTANAR', 'La Asociación Hontanar es una organización de personas voluntarias cercanas o vinculadas a los Franciscanos de la TOR que, contando con un piso, se sienten comprometidas con los más desfavorecidos, siendo su misión acompañar a personas en riesgo de exclusión social para su rehabilitación como personas y su reinserción social. Hontanar fue fundada el 24 de septiembre de 1993 y está ubicada en el distrito de Vallecas (Madrid), Plaza de Corpus Barga nº 4, 1º (metro Portazgo o Nueva Numancia), siendo sus principales valores: Sencillez, Amor, Acogida y Gratuidad.', 'El proyecto que ofrecemos es apoyar procesos terapéuticos ambulatorios de rehabilitación de personas drogodependientes mediante la puesta a disposición de organizaciones públicas y privadas de un piso de inserción social de uso compartido para varones, donde, en un entorno de abstinencia total de drogas, se les ofrece servicio de alojamiento y alimentación y van adquiriendo las capacidades suficientes para su maduración personal, formar parte de la sociedad, conseguir una vida independiente y desarrollar una vida familiar sana.', 'voluntariadohontanar@gmail.com', 'flores-kiskeya.png'),
(10, 'Asociación JATARI', 'Somos una asociación de reciente creación. JATARI significa levántate en Quechua, porque queremos salir de nuestra zona de confort y levantarnos del sillón. Facilitamos distintos voluntariados a aquellos que sienten la inquietud de servicio hacia los demás.', 'Ofrecemos distintos voluntariados en Madrid, y en verano un voluntariado en Perú. En Madrid ofrecemos los sábados ayudar en una casa de las Hermanas de la Caridad con enfermos de sida, también repartimos desayunos a personas sin hogar, y colaboramos en un comedor en Alcalá de Henares.', 'irene.delaguila@gmail.com', 'asoc-hontanar.jpg'),
(11, 'Asociación para la Liberación y el Bienestar Animal (A.L.B.A.)', 'Asociación dedicada a rescatar animales, denunciar su abandono y maltrato y buscarles una nueva familia', 'El trabajo en el centro es muy variado, ayuda a curar y medicar a los animales, a limpiarles, a darles de comer, a rescatarles, a hacerles fotos y videos para difundir, a ayudarles a perder el miedo, a andar con la correa, etc etc', 'carolalbaasociacion@gmail.com', 'asociacion-jatari.jpg'),
(12, 'Asociación Viajes Tumaini', ' Tumaini es una entidad sin ánimo de lucro que facilita la realización de viajes solidarios, voluntariado o prácticas internacionales. Por un lado, ofrecemos apoyo a proyectos pequeñitos por todo el mundo dándoles difusión, apoyándoles económicamente en necesidades puntuales y buscando perfiles que les puedan resultar adecuados como apoyo para el desarrollo de sus tareas. Colaboramos con proyectos en Asia, África y Latinoamérica. Por el otro, ofrecemos asesoramiento y formación a todas las personas que nos contactan que quieren realizar un viaje solidario, voluntariado o prácticas internacionales pero no saben muy bien por dónde empezar.', 'Perú: proyectos educativos con niños y niñas en riesgo de exclusión, India: proyectos educativos con refugiados tibetanos, Nepal: proyecto educativo y granja orgánica, Tailandia: santuario de elefantes y centro de rescate de perros, Camboya: proyecto educativo de clases de inglés, Indonesia: Clases de inglés e informática, Kenia: orfanatos y centros de acogida, Bolivia: centros de rescate de animales silvestres, centros de terapias integrales con personas con discapacidad y equinoterapia y México: campamentos culturales y centro para personas con discapacidad.', 'info@viajestumaini.org', 'alba.png'),
(13, 'Blua Voluntariado', 'Asociación de voluntariado medioambiental', 'Proyectos de voluntariado con animales salvajes, conservación ambiental y educación ambiental.', 'info@bluavoluntariado.org', 'tumaini.jpg'),
(14, 'Born to Learn ', 'Somos una ONG que trabaja en Moshi y en Kigoma, Tanzania. Tenemos un proyecto educativo y un proyecto de salud para mejorar las condiciones de vida de la población. ', ' - Moshi: En Moshi tenemos un centro construido con botellas recicladas en el que se imparten clases de inglés y actividades extraescolares. Además, estamos construyendo un dispensario con materiales reciclados. - Kigoma: Colaboramos en el \"Protectorate Center and School\" en Kabanga con población albina. ', 'comunicationborntolearn@gmail.com', 'blua.png'),
(15, 'CAMPOS MISIONEROS DE TRABAJO', 'Campos Misioneros de Trabajo es un proyecto de jóvenes que surgió en la Parroquia de Santa María de Majadahonda. Junto a las Misioneras de la Caridad realizamos un campamento en verano en sus casas de Tánger, Lisboa, Barcelona y Sabadell.', 'Nuestro curso comienza en noviembre y desde entonces tenemos reuniones mensuales para formarnos antes de irnos en verano a ayudar en Tánger, Lisboa, Barcelona y Sabadell con el campamento a las Misioneras de la Caridad. Durante el año además hacemos acompañamiento y ocio con los jóvenes que tienen contacto con las Hermanas. Además para recaudar fondos durante el año, realizamos diversas medidas de autofinanciación, porque esto es un proyecto de todos.', 'camposmisionerosdetrabajo@yahoo.es', 'born-to-learn.png'),
(16, 'Caritas Madrid Universitaria', 'Igual que el año pasado', 'Igual que el año pasado', 'p.enriquerueda@gmail.com', 'campos-misioneros-trabajo.png'),
(17, 'Cooperación Internacional ONG', 'Cooperación Internacional ONG es una organización española sin ánimo de lucro -Premio Estatal al Voluntariado Social 2017, Cruz de Oro de la Orden Civil de la Solidaridad Social, Premio Nacional de Juventud del Ministerio de Sanidad, Servicios Sociales e Igualdad y declarada Entidad de Utilidad Pública- que trabaja desde 1993 “por una juventud solidaria”', 'Friday Revolution: Proyecto de fomento del voluntariado en el que a los universitarios se les propone, a partir de micro-acciones sencillas -como apoyo escolar a niños en riesgo de exclusión, rutas de calle con personas sin hogar o reparto de alimentos a familias vulnerables- descubrir el gran atractivo que tiene mirar más allá de las propias necesidades y dedicar parte tu tiempo a los demás.', 'tmartin@ciong.org', 'caritas.jpg'),
(18, 'Cooperación Social', 'Impartir clases de apoyo y refuerzo a chicos de Ed. Primaria', 'Reforzar conocimientos y valores  a chicos de colegios públicos ', 'voluntariado@cooperacionsocial.org', 'cooperacion-internacional.jpg'),
(19, 'Cooperatour', 'Somos una ONGd con 13 años de experiencia especializada en la organización de voluntariados internacional y viajes solidarios. Colaboramos con proyectos en Asia, África y América.', 'Disponemos de proyectos educativos, sanitarios y de medio ambiente en Guatemala, Perú, Costa Rica, Kenia, Tanzania, India, Sri Lanka, Tailandia, Vietnam y Nepal.', 'david@cooperatour.org', 'cosocial.jpg'),
(20, 'Fundación “Red Agustiniana para la Educación y el Desarrollo” (REDA) ', 'La Fundación REDA persigue los siguientes fines de interés general según sus Estatutos: -Educar en los valores de solidaridad y compromiso con la justicia social y promocionar la participación ciudadana y el voluntariado. -Promover y desarrollar proyectos que favorezcan la mejora de las condiciones de vida de las personas favoreciendo su implicación en el propio desarrollo y promoviendo su autoestima y dignidad personal, prestando especial atención a la infancia en riesgo. -Financiar y cooperar en proyectos de desarrollo de los países más desfavorecidos, especialmente en lugares de misión con presencia agustiniana, apoyando el acceso de las personas a la protección de sus derechos humanos.', 'Dos Proyectos en San Sebastián de los Reyes, Madrid: - CENTRO \"CATALEJO\" para niñ@s en riesgo de exclusión social entre 5 y 12 años; con actividades de apoyo al estudio, ocio adaptado a las necesidades de cada edad y seguimiento educativo individualizado.De L a V por las tardes. - \"AULA ABIERTA CATALEJO\" para el acompañamiento y la atención específica a personas en dificultad social (adolescentes,jóvenes y adultos/as); con actividades de apoyo educativo, competencia y crecimiento en habilidades sociales, alfabetización, capacitación digital y mejora en la inserción laboral, crecimiento y desarrollo personal.De L a V por las mañanas. Otra actividad puntual en Huelva: - CAMPO DE TRABAJO dentro de la PRISIÓN de Huelva (en la primera quincena de Julio). Actividad de voluntariado puntual en verano con un fin de semana de formación previo obligatorio. ', 'redafundacion@gmail.com', 'cooperatour.jpeg'),
(21, 'Fundación Altius ', 'Fundación que apoyo a personas desempleadas', 'Apoyo en alimentos: reparto de menús y alimentos a familias en riesgo de exclusión social', 'aplanchart@fundacionaltius.org', 'logo_aguadecoco.png'),
(22, 'FUNDACIÓN AMIGOS DE LOS MAYORES ', 'Amigos de los mayores es una organización que tiene por objetivo mejorar la calidad de vida de las personas mayores con recursos limitados y en situación de aislamiento y/o soledad a través de la acción de voluntarias y voluntarios cualificados.', 'Los programas de acompañamiento a personas mayores son los siguientes: Acompañamientos a domicilio: Son visitas que se realizan al menos una vez a la semana con el objetivo de acompañar y dar cariño a aquellas personas que viven solas. Las visitas a domicilio son momentos de encuentro entre la persona mayor y el voluntario. Dependiendo de cada persona, se convierten en momentos de charlar, compartir experiencias, anécdotas o simplemente estar.   Acompañamientos puntuales: Este es un servicio mediante el cual un voluntario acompaña y ayuda a la persona mayor en sus gestiones administrativas, sanitarias, etc.   Acompañamiento en residencias: Es una actividad puesta en marcha con el objetivo de acompañar a personas mayores que viven en residencias de la Comunidad de Madrid. En concreto realizamos labores de acompañamiento en las varias residencias de la Comunidad de Madrid, como la residencia de personas mayores de Goya y la residencia Nuestra Señora el Refugio en Madrid, en Cantoblanco, Aravaca o San Fernando de Henares, entre otras.  El objetivo del acompañamiento a las personas mayores que se sienten solas es favorecer la creación de nuevas redes sociales mediante el contacto con otras personas mayores y los voluntarios. Con este fin proponemos las siguientes actividades: Tertulias a domicilio: actividad en la que un grupo de tres/cuatro voluntarios realiza visitas al domicilio de las personas mayores que están a la espera de recibir la visita semanal de un voluntario. Encuentros en el local: actividad que se organiza en el local de la entidad cada quince días. Es una invitación a los mayores que acompañamos para que disfruten, charlando y tomando algo con otras personas mayores y otros voluntarios. Un grupo de voluntarios se encarga exclusivamente de organizar esta actividad y la animación de la misma. Para los mayores que no puedan desplazarse se les facilita el transporte. Fiesta de Navidad: la Navidad es una época del año emotiva en la que más se echa de menos la falta de compañía y de cariño. Por ello, se propone a los mayores y voluntarios celebrar este momento juntos con una gran fiesta. Fiesta de San Isidro: para celebrar la llegada de la primavera y el día del patrón de nuestra ciudad, organizamos una fiesta en la que los mayores y los voluntarios disfrutan de una buena merienda con música de fondo (y algún baile que otro). Salidas de un día: durante el verano organizamos salidas con los mayores a museos, terrazas, excursiones, etc. con el fin de aprovechar las buenas temperaturas y potenciar el contacto con el exterior así como la relación con los voluntarios y las otras personas mayores. Vacaciones de verano: unos días fuera de la ciudad para convivir con otros mayores y voluntarios de todas las edades y disfrutar de unas buenas vacaciones en compañía. Con esta actividad buscamos que la persona mayor salga de su aislamiento y comparta momentos del día como las comidas, paseos o juegos con otros mayores y voluntarios, creándose espacios y momentos favorecedores de intercambios intergeneracionales.', 'ygonzalez@amigosdelosmayores.org', 'fund-amigos-monkole.png'),
(23, 'Fundación Amigos de Monkole', 'Una fundación joven con espíritu de compromiso. Creemos que la salud debería ser accesible para todas las personas, especialmente las mujeres y los niños en situación de exclusión social. El hospital Monkole se encuentra ubicado en el barrio pobre de Kinshasa. El centro trata de dar servicio a todos los pacientes aunque el 48% carece de recursos para costear los gastos de hospitalización. Buscamos recursos económicos para financiar los costes hospitalarios de todas las personas que necesiten asistencia sanitaria.', 'Voluntariado en África en agosto, proyectos de sensibilización en España durante todo el año, organización y participación en eventos solidarios para conseguir recurso', 'ebarrio@fundacionamigosdemonkole.org', 'fund-blas-mendez.png'),
(24, 'Fundación Blas Méndez Ponce ayuda al niño oncológico y de difícil curación', 'En nuestra fundación llevamos a cabo distintos programas socio-educativos y asistenciales de carácter voluntario que tienen como objetivo paliar los cambios que se dan en el niño/a y en su núcleo familiar, mediante actividades de ocio y tiempo libre, considerando al niño/a enfermo protagonista de su propio desarrollo.', 'Voluntariado intrahospitalario los fines de semana en los hospitales Niño Jesús, Gregorio Marañon y 12 de Octubre en las plantas de oncología infantil, con el objetivo de ayudar a desconectar a los niños/as ingresados a través del ocio.', 'coordinadora@fundacionblasmendezponce.org', 'fund-jocotoco.png'),
(25, 'FUNDACIÓN CANA', 'Organización dedicada a a personas con discapacidad intelectual y sus familias', 'En talleres, ocio fines de semana y campamentos.', 'Patricia.sanz@fundacioncana.org', 'fundacion-la-semilla.jpg'),
(26, 'Fundación de Conservación Jocotoco', 'La Fundación de Conservación Jocotoco es una organización no gubernamental (ONG) ecuatoriana, creada en 1998 con el objetivo de proteger áreas de importancia crítica para la conservación de especies endémicas y amenazadas de aves del Ecuador, que no se encuentran bajo la protección del Sistema Nacional de Áreas Protegidas (SNAP). Jocotoco alcanza esta meta adquiriendo tierras y manejándolas como reservas biológicas.   Hasta la fecha, la fundación ha establecido una red de doce reservas, que juntas protegen alrededor de 17.500 hectáreas. Si bien estas reservas se crearon para proteger los hábitats de aves amenazadas, también protegen flora y fauna asociada a dichos hábitats. La fundación ha establecido importantes relaciones con las comunidades   Las reservas de Jocotoco albergan más de 800 especies de aves, de las cuales más de 50 están amenazadas o casi amenazadas de extinción en escala global, y más de 100 especies son endémicas regionales (o especies de distribución geográfica restringida).   Además, las reservas mantienen poblaciones de al menos 200 especies de anfibios y reptiles, muchas de ellas amenazadas, de distribución restringida y varias recién descubiertas. También protegen mamíferos grandes y raros como el Oso de Anteojos, Tapir de Montaña, Tapir del Chocó, Puma y Jaguar.   Todas las reservas han sido reconocidas como Áreas Importantes para la Conservación de Aves, están dentro de “Puntos Calientes” de Biodiversidad y dos de ellas se reconocen como sitios de la Alianza para la Extinción Cero (AZE).', 'Programa de Reintroducción y cuidado de Guacamayos y tortugas - AYAMPE Programa de Reforestación y cámaras trampa - BUENAVENTURA Programa de Monitoreo de Mono Araña y comunidades - TESORO ESCONDIDO Programa de Monitoreo de perico pechiblanco y cámara trampa - COPALINGA Programa de Ecología y Evolución - SAN CRISTOBAL /GALAPAGOS', 'volunteer@jocotoco.org', 'fundacion-manantial.jpg'),
(27, 'Fundación La Semilla', 'La Fundación La Semilla es una organización sin ánimo de lucro que hace teatro solidario y dona lo que recauda a los proyectos que selecciona de distintas ONGs y asociaciones, siempre dentro de realidades de marginación o pobreza, ya sea en España o en el tercer mundo. Todos sus miembros son voluntarios.', 'Se puede colaborar de diversas formas: Actuación en obras de teatro (comedias, musicales...). Publicidad. Selección de proyectos solidarios. Búsqueda de teatros y ONGs. Acomodar en teatros. Gestión de redes sociales, e-mail y página web. Luces y sonido. Decorados y atrezzo. Maquillaje y peluquería. Vestuario. Diseño de imagen (carteles). Contacto con medios de comunicación. Composición y dirección musical. Grabación de narraciones, música y coros de canciones. Gestión informática de reservas telefónicas. Coreografía. Ayuda en dirección y guión.', 'lafundacionlasemilla@gmail.com', 'fundacion-proclade.jpg'),
(28, 'Fundación Manuel María Vicuña', 'Somos una ONGD promovida por las Religiosas de María Inmaculada que promueve a nivel nacional e internacional el desarrollo humano de niñas y niños, jóvenes y principalmente mujeres en situación de vulnerabilidad socioeconómica, a través de una educación integral de calidad que actúa como motor de cambio social.', 'Proyectos educativos en África, Asia y América Latina con principal foco en las mujeres jóvenes que provienen de contextos de exclusión económica y social. A través de la educación se busca amplíar sus capacidades, potencialidades y oportunidades en el terreno laboral, social, personal, cultural y espiritual, y que ello les abra una variedad de opciones y posibilidades para la vida. ', 'funmmv.social@gmail.com', 'siempre_adelante.jpg'),
(29, 'Fundación PROCLADE', 'La Fundación PROCLADE es una ONGD promovida por los misioneros claretianos, con vocación de servicio a las poblaciones empobrecidas.   Trabajamos en más de 30 países desde 1996 llevando a cabo programas de desarrollo y actividades de sensibilización y economía solidaria en España.  PROCLADE está formada por más de 150 voluntarios/as en España que a través de las diferentes delegaciones territoriales llevan a cabo su labor solidaria. En Madrid se ubica la sede central en la que está el personal técnico.  Además la fundación lleva a cabo campañas de sensibilización, incidencia política, comercio justo y muchas otras acciones en los lugares en los que está presente.', 'Grupo de voluntariado para labores de comercio justo, apoyo en sede, sensibilización, educación para el desarrollo e incidencia política.', 'director@fundacionproclade.org', 'fund-down-madrid.jpg'),
(30, 'FUNDACIÓN RED MADRE', 'Fundación creada en 2007 con el propósito de activar una red solidaria de asesoramiento y ayuda a la mujer para superar cualquier conflicto surgido ante un embarazo imprevisto.', 'proyecto \"almacén\"- gestión y organización de las donaciones de enseres y ropa. Clasificación y ordenación de los mismos.', 'madrid@redmadremadrid.es', 'sonar-despierto.png'),
(31, 'Fundación Siempre Adelante, ONGD', 'Es una ONGD para el Desarrollo, sin ánimo de lucro, promovida por la Superiora General de las Religiosas Concepcionistas Misioneras de la Enseñanza, inscrita en el Registro de Fundaciones Asistenciales del Ministerio de Trabajo y Asuntos Sociales con el nº 28/1.325, por Orden TAS/3982/2004, de 5 de noviembre (BOE  2 de diciembre de 2004), y provista de CIF: G-84021120. Los fines de interés general de la Fundación son: a) Contribuir a la educación y formación integral de personas, grupos y pueblos de los países en vías de desarrollo y de los núcleos de población que sufren las consecuencias de la pobreza y marginación en el llamado cuarto mundo, como medio que promueva su desarrollo equilibrado e integral, y ayude a avanzar hacia la fraternidad entre los países y personas. b) Desarrollar actividades de asistencia social y despertar en las personas la toma de conciencia de la dignidad de todo hombre y la responsabilidad de colaborar en su desarrollo humano y cultural. c) Impulsar acciones de voluntariado a nivel nacional y en países en vías de desarrollo, así como organizar y vertebrar su actuación en la Fundación. ', 'Proyectos Misioneros Concepcionistas, voluntariado de verano en República Dominicana (Consuelo), Guinea Ecuatorial (Evinayong) y Filipinas (Bacolod), un mes, de primeros de julio a primeros de agosto. Responsabilidad del voluntario: clases de refuerzo a niños y jóvenes de Primaria y Bachiller, actividades deportivas, trabajos manuales, talleres formativos para adultos, juegos, animación de celebraciones religiosas, visitas y apoyo a familias necesitadas. Para los voluntarios, hay un encuentro formativo y organizativo. En un fin de semana del mes de abril se tiene el encuentro en Madrid con el grupo de voluntarios que van a  participar en los proyectos misioneros que se llevan a cabo en los lugares descritos. Se organizan los proyectos, las actividades y distribución de tareas de acuerdo a la realidad del  lugar de destino, terminando con la celebración de la Eucaristía del envío misionero. También se lleva a cabo formación online, desde que se inicia el proceso de selección hasta la realización del proyecto en sí. semanas después de regresar del proyecto, tiene lugar un nuevo encuentro de evaluación. Ya en el lugar donde se desarrolla el proyecto, los voluntarios al comienzo de la mañana tienen un tiempo de oración para poner todo el trabajo en las manos de Dios o participar en la Eucaristía con el pueblo, depende del lugar. Durante la mañana se imparten las clases a los niños y jóvenes, también se hacen manualidades, ligas deportivas, etc. para lograr que durante este mes los niños se encuentren alegres y felices. En la tarde se va a otros lugares, poblados cercanos, bayetes, visitan a enfermos o personas mayores que necesitan que alguien se acerque a su casa, no sólo para llevarles comida sino para que les escuches, les hables... Los voluntarios viven en la casa de las religiosas, que durante este tiempo se convierte en \"su casa\": Ellas les acercan a los niños , jóvenes, familias, ancianos... Los voluntarios derrochan generosidad, trabajan en equipo, lo que viven en estos días lo integran en su vida y se lo cuentan a familiares, amigos, colegios, y apoyan económicamente la actividades de \"Siempre Adelante\".', 'comunicaciones.sa@concepcionistas.com', 'gentinosina.png'),
(32, 'Fundación Síndrome de Down de Madrid (Down Madrid)', 'La finalidad de Down Madrid es la defensa del derecho a la vida y de la dignidad de las personas con síndrome de Down u otra discapacidad intelectual, así como la promoción y realización de todas las actividades encaminadas a lograr su plena integración familiar, escolar, laboral y social con el fin de mejorar su calidad de vida, contando siempre con su participación activa y la de sus familias.', 'Campamentos urbanos inclusivos y viajes de verano. Los voluntarios apoyarían en las actividades programadas: deporte, artes escénicas, música, excursiones, juegos, canciones, entre otros y en las actividades programadas en los viajes de verano (playa, piscina, excursiones, comidas, etc.). Voluntariado regular en la entidad (todo el año): actividades deportivas, de ocio, entre otros.  Beneficiarios: Niños, jóvenes y adultos con síndrome de Down u otras discapacidades intelectuales.  ', 'diliana.rodriguez@downmadrid.org', 'logo_grefa.png'),
(33, 'Fundación Soñar Despierto', 'Fundación que presta apoyo a los niños y adolescentes que viven en centros de acogida de la Comunidad de Madrid a través de un proyecto socio-educativo. Nuestro objetivo es acompañar a esto menores para que puedan crecer y desarrollarse como cualquier otro niño y disfrutar de una infancia feliz. ', 'Fundación que presta apoyo a los niños y adolescentes que viven en centros de acogida de la Comunidad de Madrid a través de un proyecto socio-educativo. Nuestro objetivo es acompañar a esto menores para que puedan crecer y desarrollarse como cualquier otro niño y disfrutar de una infancia feliz. ', 's.dejuana@sdespierto.es', 'hermanitas-pobres.png'),
(34, 'HERMANITAS DE LOS POBRES', 'Residencia de Ancianos - Dedicada a la Acogida y Cuidados de los ancianos más desfavorecidos, y con pocos recursos económicos', 'Ayuda a las diferentes tareas cotidianos a los residentes, tanto a los validos como a los más dependientes y que necesitan mas atensiones y compañía.', 'cdadalmagro@alfaexpress.net', 'don_orione.jpg'),
(35, 'HOGAR D.ORIONE', 'Centro residencial para personas adultas con discapacidad intelectual y alto nivel de dependencia.', 'Colonias de Verano en Cercedilla.   ', 'marhernandez@orionistas.org', 'humana.jpg'),
(36, 'HUMANA', 'Nuestra principal razón de ser es la protección del medio ambiente y el desarrollo de proyectos de cooperación orientados a impulsar el progreso de las comunidades de los países del Sur. De forma paralela fomentamos la educación y sensibilización al desarrollo en el Norte.  Para llevar a cabo todas estas acciones, buscamos financiación principalmente a través de la gestión de los residuos textiles que se generan en España. ', 'El programa consta de 10 meses de duración:   - Los tres primeros meses recibirás una formación en una escuela para voluntarios en Dinamarca. - Los seis meses siguientes colaborarás en un proyecto de alguno de los países africanos en los que los socios de Humana trabajan, con especial atención a Malawi y Mozambique. (Los proyectos podrán ser de sanidad, salud, agricultura y desarrollo comunitario) - Las últimas cuatro semanas, hasta completar el programa, se desarrollan de nuevo en Europa, con el fin de llevar a cabo labores de sensibilización y comunicación.', 'elena.jimenez@humana-spain.org', 'inakuwa.png'),
(37, 'Inakuwa', 'Asociación sin ánimo de lucro que busca llevar la Educación a cada lugar del mundo, a través de una formación e investigación en terreno, alineamiento con la contraparte y enfoque de derechos humanos. Fundada en 2017 y liderada por completo por estudiantes universitarios, contamos con la colaboración de profesionales de la cooperación y de profesores de la Universidad. Actualmente, trabajamos con la comunidad de Rau, Moshi, Tanzania, y este año abriremos dos proyectos más, nacional en Madrid e internacional a determinar. ', 'Rau, Moshi, Tanzania: trabajamos en colaboración con la ONG local Jiendeleze Women, formando un equipo voluntario de 12 personas. Cada uno de los integrantes del grupo preparará durante el curso académico 2018-2019, el curso formativo que impartirá durante un mes en Rau. Para ello contará con la experiencia de quienes ya han estado en terreno y con la colaboración de profesionales de la cooperación. Este año la temática impartida y por la que seguiremos trabajando para conseguir el pleno desarrollo de la comunidad de Rau ha sido: Agricultura, Cocina, Higiene y Primeros Auxilios, Economía e Inglés, todos ellos respondiendo a una necesidad real de la comunidad. De la misma forma, abriremos dos proyectos más este año (uno en Madrid, en una de las comunidades con mayor riesgo de pobreza y exclusión, que se realizará durante el curso 2018-2019; otro internacional, a determinar entre un campo de refugiados en Serbia y una zona rural de la India). La forma de proceder será la misma, cerrando los equipos antes de que finalice el año 2018, para que tengan así tiempo para desarrollar las competencias necesarias para una labor formativa excelente, que se ajuste a las necesidades de la contraparte y al enfoque de Derechos Humanos que buscamos y defendemos firmemente en Inakuwa.', 'mcaso@inakuwa.org', 'jovenes-mision.jpg'),
(38, 'Jóvenes para la Misión', 'Asociación de Jóvenes que colaboran en la Animación misionera de la Delegación de Misiones de Madrid', 'Colaborar con la animación misionera en Colegios y parroquias de la Diócesis de Madrid y quizás participar en actividades misioneras de verano', 'pablo.eldeares@gmail.com', 'kubuka.jpg'),
(39, 'KUBUKA', 'ONGD cuya misión es cuya misión es crear un desarrollo sostenible en las comunidades más vulnerables de Kenia y Zambia, centrándose en el emprendimiento y la educación como motor de cambio. Para ello, apoya proyectos que nazcan y perduren gracias al esfuerzo y empoderamiento de las comunidades beneficiarias.', 'Programa de voluntariado tanto de larga estancia (mínimo 6 meses) como de verano (1 mes en julio o agosto) en los países en los que trabajamos (Kenia y Zambia). Programa de voluntariado en España para colaborar con el día a día de la organización. ', 'alejandracgil@kubuka.org', 'lux-mundi.jpg'),
(40, 'LUX MUNDI', 'Ofrecemos formaciones y voluntariado una vez al mes, además de una experiencia misionera en verano. Nos definimos como asociación católica con espíritu de misión.', 'Formación mensual. Voluntariado mensual. Experiencia larga duración en verano.', 'josemaria.millansaez@gmail.com', 'manos-unidas.jpg'),
(41, 'Manos Unidas', 'Manos Unidas es la Asociación de la Iglesia Católica en España para la ayuda, promoción y desarrollo de los países más desfavorecidos. Es, a su vez, una Organización No Gubernamental de Desarrollo (ONGD), de voluntarios, católica y seglar', 'Prácticas universitarias curriculares o extracurriculares en nuestras oficinas centrales. Prácticas en tecnología sobre proyectos en países en vías de desarrollo. Prácticas en cofinanciación de proyectos. Prácticas e Educación para el Desarrollo, etc...(No hacemos voluntariado fuera de España)', 'Coord.voluntariado@manosunidas.org', 'masfuturo.jpg'),
(42, 'MásFuturo', 'Ayuda a madres y embarazadas en riesgo de exclusión social sin límite de tiempo', '1-Proyecto LUZ (ayuda de emergencia)-2-Proyecto Juntos (clases particulares, recogida de alimentos, enseres...)', 'martavmayol@gmail.com', 'mision_pais.jpg'),
(43, 'Misión País', 'Misión País nace como un proyecto misionero creado por un grupo de universitarios católicos. Busca poner a la juventud al servicio tanto de la Iglesia como de personas necesitadas, teniendo una vivencia de voluntariado, oración y servicio desinteresado a los demás. ', 'Todo el proyecto está dirigido a cualquier estudiante universitario y/o jóvenes mayores de edad con inquietud por cambiar las cosas. Se ha diseñado para que justo después de exámenes del primer cuatrimestre se pueda ir a misionar una semana por diferentes pueblos de España.  Actualmente hay 7 misiones abiertas en esas fechas (enero-febrero) con la intención de seguir creciendo. ', 'misionpaisesp@gmail.com', 'misioneras_caridad.png'),
(44, 'MISIONERAS DE LA CARIDAD', 'Misioneras de la Caridad es una congregación religiosa católica establecida en 1950 por santa Teresa de Calcuta para ayudar a los más pobres de entre los pobres.', 'A las casas de las Misioneras de la Caridad se puede acudir diariamente a ayudar en los distintos servicios que ellas realizan. En Madrid tienen 2 casas, una es un comedor social y en la otra viven ancianos y enfermos de sida. A las dos se puede ir a ayudar en lo que necesiten. Además tienen casas en todo el mundo en las que se puede ir a ayudar.', 'camposmisionerosdetrabajo@yahoo.es', 'oan.jpg'),
(45, 'OAN International', 'OAN es una ONG que hace cooperación al desarrollo en la comuna de NIKKI (Benin, África), formada por jóvenes universitarios que quieren cambiar el mundo, a través de una forma distinta de hacer cooperación, devolviendo a la población local el protagonismo de ser su propio motor del cambio.', 'Una de nuestras herramientas de investigación, desarrollo, implementación y evaluación de los proyectos, son los TFG y TFM. Así como la posibilidad de ser voluntario en alguno de nuestros cuatro comités (política social, agricultura, biosanitario e ingeniería) o departamentos o voluntario en terreno. Para más información sobre nuestros proyectos visita: http://www.oaninternational.org/proyectos.html', 'I.ramirez@oaninternational.org', 'omp.png'),
(46, 'Obras Misioneras Pontificias', 'Institución de la Iglesia que se ocupa de la actividad misionera en el mundo', 'Animación Misionera en los colegios, asociaciones y parroquias de Madrid y posibles actividades misioneras en verano.', 'madrid@omp.es', 'ongawa.jpg'),
(47, 'ONG Ambessa', 'Pequeña ONG cuyo objetivo es ayudar a la infancia en Etiopía  ', 'La ONG Ambessa lleva a cabo el “Proyecto Ankelba”. El objetivo del proyecto es la adecuación de una casa de acogida, en los alrededores de Addis abeba (Holeta), que albergue hasta un máximo de 150 niños en el primer año, con edades comprendidas entre los 0 y los 18 años. El funcionamiento de “Casa Ankelba” implica: atender a la alimentación, higiene, vestuario y estado de salud de los niños; su escolarización y actividades y juegos orientados a su socialización y convivencia fraterna.', '100332680@alumnos.uc3m.es ', 'proyecthiopia.jpg'),
(48, 'ONGAWA', 'ONGAWA es una ONG de Desarrollo que tiene como misión poner la tecnología al servicio del desarrollo humano para construir una sociedad más justa y solidaria. Aspiramos a un mundo donde se protejan, respeten y promuevan los derechos humanos, pensando también en las generaciones futuras. Queremos una ciudadanía comprometida y que participe para promover y exigir cambios sociales.', 'El proyecto de ONGAWA para la UPM se llama Global Challenge. Se trata de un programa de formación y voluntariado que ofrece a los estudiantes espacios y herramientas para cambiar el mundo... Empezando por la universidad.', 'magt96@gmail.com', 'reda.jpg'),
(49, 'Proyecthiopia', 'Ong que trabaja en Etiopía realizando diferentes proyectos de cooperación y voluntariado', 'SUMMER CAMP: Consiste en un campamento de 400 niños de Alamata (Etiopia). Cada año llevamos a más de 40 voluntarios que colaboran en el campamento impartiendo clases de inglés a los niños. ', 'Ignaciocidmoreno@gmail.com ', 'redes.jpg'),
(50, 'Red de Entidades para el Desarrollo Solidario (REDES)', 'REDES es una Red de Entidades para el Desarrollo Solidario. Es una asociación de entidades que compartimos la Cooperación al Desarrollo entre nuestros campos de actuación. En total somos 60 entidades con presencia en más de 60 países de los cinco continentes.', 'Programas de voluntariado nacional e internacional en diferentes organizaciones relacionadas con la educación, la salud, las poblaciones indígenas...', 'voluntariado@redes-ongd.org', 'religiosos-camilos.jpg');

-- --------------------------------------------------------

--
-- Estructura de tabla para la tabla `proyecto`
--

DROP TABLE IF EXISTS `proyecto`;
CREATE TABLE `proyecto` (
  `id_proyecto` int(11) NOT NULL,
  `tipo_proyecto` varchar(100) COLLATE utf8_spanish_ci NOT NULL
) ENGINE=InnoDB DEFAULT CHARSET=utf8 COLLATE=utf8_spanish_ci COMMENT='proyecto a realizar en el voluntariado';

--
-- Volcado de datos para la tabla `proyecto`
--

INSERT INTO `proyecto` (`id_proyecto`, `tipo_proyecto`) VALUES
(1, 'Ancianos'),
(2, 'Sin recursos'),
(3, 'Enfermos'),
(4, 'Cooperación Social'),
(5, 'Misión'),
(6, 'Niños'),
(7, 'Discapacitados'),
(8, 'Animales'),
(9, 'Proyecto Científico'),
(10, 'Otro');

-- --------------------------------------------------------

--
-- Estructura de tabla para la tabla `rifa`
--

DROP TABLE IF EXISTS `rifa`;
CREATE TABLE `rifa` (
  `id_rifa` int(11) NOT NULL,
  `articulo_rifa` varchar(100) COLLATE utf8mb4_spanish2_ci DEFAULT NULL,
  `descripcion_rifa` longtext COLLATE utf8mb4_spanish2_ci,
  `foto_rifa` text COLLATE utf8mb4_spanish2_ci,
  `empresa_rifa` varchar(100) COLLATE utf8mb4_spanish2_ci DEFAULT NULL,
  `instagram_rifa` varchar(100) COLLATE utf8mb4_spanish2_ci DEFAULT NULL,
  `twitter_rifa` varchar(100) COLLATE utf8mb4_spanish2_ci DEFAULT NULL,
  `facebook_rifa` varchar(100) COLLATE utf8mb4_spanish2_ci DEFAULT NULL,
  `linkedin_rifa` varchar(100) COLLATE utf8mb4_spanish2_ci DEFAULT NULL,
  `telefono_rifa` int(11) DEFAULT NULL,
  `email_rifa` varchar(100) COLLATE utf8mb4_spanish2_ci DEFAULT NULL,
  `fecha_rifa` timestamp NULL DEFAULT NULL
) ENGINE=InnoDB DEFAULT CHARSET=utf8mb4 COLLATE=utf8mb4_spanish2_ci;

--
-- Volcado de datos para la tabla `rifa`
--

INSERT INTO `rifa` (`id_rifa`, `articulo_rifa`, `descripcion_rifa`, `foto_rifa`, `empresa_rifa`, `instagram_rifa`, `twitter_rifa`, `facebook_rifa`, `linkedin_rifa`, `telefono_rifa`, `email_rifa`, `fecha_rifa`) VALUES
(1, 'Plano', 'Magnífico plano de color azul. Único en su especie. Seguro que le toca a Mariana', 'hola.png', 'Copy5', 'tusfotocopias5', 'copy5', 'Copy5', NULL, 616209281, 'info@copy5.org', '2020-11-26 20:05:42'),
(2, 'Collar', 'Collar de plata de 15 quilates, valorado en 200?', 'collar.jpg', 'Tiffanys', 'tusfotocopias5', 'copy5', 'Copy5', NULL, 616209281, 'info@copy5.org', '2020-11-26 20:05:42'),
(3, 'Camiseta VOLUNFAIR 2018', 'Camiseta oficial del año 2018. ¡Presume de ella delante de tus amigos!', 'foto5.jpg', 'Copy5', 'tusfotocopias5', 'copy5', 'Copy5', NULL, 616209281, 'info@copy5.org', '2020-11-26 20:05:42');

-- --------------------------------------------------------

--
-- Estructura de tabla para la tabla `voluntariado`
--

DROP TABLE IF EXISTS `voluntariado`;
CREATE TABLE `voluntariado` (
  `id_voluntariado` int(11) NOT NULL,
  `ong_voluntariado` int(11) NOT NULL,
  `lugar_voluntariado` int(11) NOT NULL,
  `tipo_voluntariado` int(11) NOT NULL
) ENGINE=InnoDB DEFAULT CHARSET=utf8 COMMENT='voluntariados ofertados';

--
-- Volcado de datos para la tabla `voluntariado`
--

INSERT INTO `voluntariado` (`id_voluntariado`, `ong_voluntariado`, `lugar_voluntariado`, `tipo_voluntariado`) VALUES
(1, 1, 1, 1),
(529, 1, 1, 10),
(530, 1, 1, 1),
(531, 1, 1, 10),
(532, 1, 8, 1),
(533, 1, 8, 10),
(534, 2, 9, 1),
(535, 2, 9, 6),
(536, 2, 9, 7),
(537, 2, 9, 3),
(538, 2, 9, 4),
(539, 2, 9, 2),
(540, 3, 2, 6),
(541, 3, 2, 4),
(542, 3, 2, 2),
(543, 3, 8, 6),
(544, 3, 8, 4),
(545, 3, 8, 2),
(1057, 4, 9, 1),
(1058, 4, 9, 6),
(1059, 4, 9, 7),
(1060, 4, 9, 3),
(1061, 4, 9, 2),
(1062, 4, 9, 5),
(1063, 4, 1, 1),
(1064, 4, 1, 6),
(1065, 4, 1, 7),
(1066, 4, 1, 3),
(1067, 4, 1, 2),
(1068, 4, 1, 5),
(1069, 4, 10, 1),
(1070, 4, 10, 6),
(1071, 4, 10, 7),
(1072, 4, 10, 3),
(1073, 4, 10, 2),
(1074, 4, 10, 5),
(1075, 4, 2, 1),
(1076, 4, 2, 6),
(1077, 4, 2, 7),
(1078, 4, 2, 3),
(1079, 4, 2, 2),
(1080, 4, 2, 5),
(1081, 4, 3, 1),
(1082, 4, 3, 6),
(1083, 4, 3, 7),
(1084, 4, 3, 3),
(1085, 4, 3, 2),
(1086, 4, 3, 5),
(1087, 4, 4, 1),
(1088, 4, 4, 6),
(1089, 4, 4, 7),
(1090, 4, 4, 3),
(1091, 4, 4, 2),
(1092, 4, 4, 5),
(1093, 4, 5, 1),
(1094, 4, 5, 6),
(1095, 4, 5, 7),
(1096, 4, 5, 3),
(1097, 4, 5, 2),
(1098, 4, 5, 5),
(1099, 4, 6, 1),
(1100, 4, 6, 6),
(1101, 4, 6, 7),
(1102, 4, 6, 3),
(1103, 4, 6, 2),
(1104, 4, 6, 5),
(1105, 4, 8, 1),
(1106, 4, 8, 6),
(1107, 4, 8, 7),
(1108, 4, 8, 3),
(1109, 4, 8, 2),
(1110, 4, 8, 5),
(1111, 5, 8, 6),
(1112, 5, 8, 5),
(1113, 6, 9, 6),
(1114, 6, 1, 6),
(1115, 6, 4, 6),
(1116, 6, 5, 6),
(1117, 6, 8, 6),
(1118, 6, 9, 6),
(1119, 6, 1, 4),
(1120, 6, 4, 4),
(1121, 6, 5, 4),
(1122, 6, 8, 4),
(1123, 7, 2, 6),
(1124, 7, 7, 6),
(1125, 7, 2, 3),
(1126, 7, 7, 3),
(1127, 7, 2, 4),
(1128, 7, 7, 4),
(1129, 8, 8, 7),
(1130, 9, 9, 6),
(1131, 10, 1, 10),
(1132, 10, 1, 5),
(1133, 11, 8, 6),
(1134, 12, 9, 7),
(1135, 12, 1, 7),
(1136, 12, 9, 3),
(1137, 12, 1, 3),
(1138, 13, 9, 10),
(1139, 14, 9, 4),
(1140, 14, 1, 4),
(1141, 14, 9, 10),
(1142, 14, 1, 10),
(1143, 15, 8, 10),
(1144, 16, 7, 10),
(1145, 16, 7, 5),
(1146, 17, 8, 6),
(1147, 17, 8, 3),
(1148, 17, 8, 4),
(1149, 17, 8, 2),
(1150, 18, 9, 6),
(1151, 18, 9, 7),
(1152, 19, 9, 10),
(1153, 19, 1, 10),
(1154, 20, 2, 1),
(1155, 20, 2, 6),
(1156, 20, 2, 7),
(1157, 20, 2, 8),
(1158, 20, 2, 3),
(1159, 20, 2, 4),
(1160, 20, 4, 1),
(1161, 20, 4, 6),
(1162, 20, 4, 7),
(1163, 20, 4, 8),
(1164, 20, 4, 3),
(1165, 20, 4, 4),
(1166, 20, 5, 1),
(1167, 20, 5, 6),
(1168, 20, 5, 7),
(1169, 20, 5, 8),
(1170, 20, 5, 3),
(1171, 20, 5, 4),
(1172, 20, 8, 1),
(1173, 20, 8, 6),
(1174, 20, 8, 7),
(1175, 20, 8, 8),
(1176, 20, 8, 3),
(1177, 20, 8, 4),
(1178, 21, 9, 1),
(1179, 21, 9, 7),
(1180, 21, 9, 3),
(1181, 21, 9, 2),
(1182, 21, 8, 1),
(1183, 21, 8, 7),
(1184, 21, 8, 3),
(1185, 21, 8, 2),
(1186, 22, 2, 8),
(1187, 22, 3, 8),
(1188, 22, 4, 8),
(1189, 22, 5, 8),
(1190, 22, 8, 8),
(1191, 22, 2, 10),
(1192, 22, 3, 10),
(1193, 22, 4, 10),
(1194, 22, 5, 10),
(1195, 22, 8, 10),
(1196, 23, 9, 7),
(1197, 24, 9, 2),
(1198, 25, 2, 1),
(1199, 25, 2, 6),
(1200, 25, 2, 7),
(1201, 25, 2, 3),
(1202, 25, 2, 4),
(1203, 25, 2, 2),
(1204, 26, 2, 1),
(1205, 26, 2, 6),
(1206, 26, 2, 7),
(1207, 26, 2, 8),
(1208, 26, 2, 3),
(1209, 26, 2, 4),
(1210, 26, 2, 2),
(1211, 26, 4, 1),
(1212, 26, 4, 6),
(1213, 26, 4, 7),
(1214, 26, 4, 8),
(1215, 26, 4, 3),
(1216, 26, 4, 4),
(1217, 26, 4, 2),
(1218, 26, 5, 1),
(1219, 26, 5, 6),
(1220, 26, 5, 7),
(1221, 26, 5, 8),
(1222, 26, 5, 3),
(1223, 26, 5, 4),
(1224, 26, 5, 2),
(1225, 26, 8, 1),
(1226, 26, 8, 6),
(1227, 26, 8, 7),
(1228, 26, 8, 8),
(1229, 26, 8, 3),
(1230, 26, 8, 4),
(1231, 26, 8, 2),
(1232, 27, 1, 3),
(1233, 27, 1, 4),
(1234, 27, 1, 2),
(1235, 28, 10, 1),
(1236, 28, 10, 6),
(1237, 28, 10, 7),
(1238, 28, 10, 8),
(1239, 28, 10, 3),
(1240, 28, 10, 4),
(1241, 28, 10, 2),
(1242, 29, 9, 6),
(1243, 29, 9, 7),
(1244, 30, 9, 1),
(1245, 30, 9, 6),
(1246, 30, 9, 7),
(1247, 30, 9, 3),
(1248, 30, 9, 2),
(1249, 30, 1, 1),
(1250, 30, 1, 6),
(1251, 30, 1, 7),
(1252, 30, 1, 3),
(1253, 30, 1, 2),
(1254, 31, 4, 6),
(1255, 31, 5, 6),
(1256, 31, 4, 2),
(1257, 31, 5, 2),
(1258, 32, 1, 1),
(1259, 32, 10, 1),
(1260, 32, 2, 1),
(1261, 32, 4, 1),
(1262, 32, 5, 1),
(1263, 32, 1, 6),
(1264, 32, 10, 6),
(1265, 32, 2, 6),
(1266, 32, 4, 6),
(1267, 32, 5, 6),
(1268, 32, 1, 2),
(1269, 32, 10, 2),
(1270, 32, 2, 2),
(1271, 32, 4, 2),
(1272, 32, 5, 2),
(1273, 32, 1, 5),
(1274, 32, 10, 5),
(1275, 32, 2, 5),
(1276, 32, 4, 5),
(1277, 32, 5, 5),
(1278, 33, 9, 2),
(1279, 33, 1, 2),
(1280, 34, 7, 1),
(1281, 34, 7, 6),
(1282, 34, 7, 3),
(1283, 34, 7, 4),
(1284, 34, 7, 2),
(1285, 34, 7, 5),
(1286, 35, 9, 6),
(1287, 35, 1, 6),
(1288, 36, 9, 1),
(1289, 36, 9, 3),
(1290, 36, 9, 4),
(1291, 36, 9, 5),
(1292, 36, 4, 1),
(1293, 36, 4, 3),
(1294, 36, 4, 4),
(1295, 36, 4, 5),
(1296, 36, 5, 1),
(1297, 36, 5, 3),
(1298, 36, 5, 4),
(1299, 36, 5, 5),
(1300, 37, 1, 1),
(1301, 37, 1, 6),
(1302, 37, 1, 7),
(1303, 37, 1, 2),
(1304, 37, 1, 5),
(1305, 37, 10, 1),
(1306, 37, 10, 6),
(1307, 37, 10, 7),
(1308, 37, 10, 2),
(1309, 37, 10, 5),
(1310, 37, 7, 1),
(1311, 37, 7, 6),
(1312, 37, 7, 7),
(1313, 37, 7, 2),
(1314, 37, 7, 5),
(1315, 38, 9, 1),
(1316, 38, 1, 1),
(1317, 38, 10, 1),
(1318, 38, 2, 1),
(1319, 38, 3, 1),
(1320, 38, 4, 1),
(1321, 38, 5, 1),
(1322, 38, 6, 1),
(1323, 38, 7, 1),
(1324, 38, 9, 6),
(1325, 38, 1, 6),
(1326, 38, 10, 6),
(1327, 38, 2, 6),
(1328, 38, 3, 6),
(1329, 38, 4, 6),
(1330, 38, 5, 6),
(1331, 38, 6, 6),
(1332, 38, 7, 6),
(1333, 38, 9, 7),
(1334, 38, 1, 7),
(1335, 38, 10, 7),
(1336, 38, 2, 7),
(1337, 38, 3, 7),
(1338, 38, 4, 7),
(1339, 38, 5, 7),
(1340, 38, 6, 7),
(1341, 38, 7, 7),
(1342, 38, 9, 3),
(1343, 38, 1, 3),
(1344, 38, 10, 3),
(1345, 38, 2, 3),
(1346, 38, 3, 3),
(1347, 38, 4, 3),
(1348, 38, 5, 3),
(1349, 38, 6, 3),
(1350, 38, 7, 3),
(1351, 38, 9, 2),
(1352, 38, 1, 2),
(1353, 38, 10, 2),
(1354, 38, 2, 2),
(1355, 38, 3, 2),
(1356, 38, 4, 2),
(1357, 38, 5, 2),
(1358, 38, 6, 2),
(1359, 38, 7, 2),
(1360, 38, 9, 5),
(1361, 38, 1, 5),
(1362, 38, 10, 5),
(1363, 38, 2, 5),
(1364, 38, 3, 5),
(1365, 38, 4, 5),
(1366, 38, 5, 5),
(1367, 38, 6, 5),
(1368, 38, 7, 5),
(1369, 39, 9, 7),
(1370, 40, 9, 6),
(1371, 40, 1, 6),
(1372, 40, 10, 6),
(1373, 40, 9, 10),
(1374, 40, 1, 10),
(1375, 40, 10, 10),
(1376, 40, 9, 5),
(1377, 40, 1, 5),
(1378, 40, 10, 5),
(1379, 41, 9, 10),
(1380, 41, 1, 10),
(1381, 42, 9, 4),
(1382, 42, 4, 4),
(1383, 42, 5, 4),
(1384, 42, 9, 10),
(1385, 42, 4, 10),
(1386, 42, 5, 10),
(1387, 43, 9, 1),
(1388, 43, 9, 6),
(1389, 43, 9, 3),
(1390, 43, 9, 2),
(1391, 43, 9, 5),
(1392, 44, 9, 10),
(1393, 44, 7, 10),
(1394, 45, 7, 6),
(1395, 45, 7, 4),
(1396, 46, 9, 10),
(1397, 47, 9, 1),
(1398, 47, 9, 6),
(1399, 47, 9, 7),
(1400, 47, 9, 3),
(1401, 47, 9, 2),
(1402, 47, 9, 5),
(1403, 47, 7, 1),
(1404, 47, 7, 6),
(1405, 47, 7, 7),
(1406, 47, 7, 3),
(1407, 47, 7, 2),
(1408, 47, 7, 5),
(1409, 48, 9, 6),
(1410, 48, 9, 3),
(1411, 48, 9, 4),
(1412, 48, 9, 2),
(1413, 48, 9, 5),
(1414, 48, 4, 6),
(1415, 48, 4, 3),
(1416, 48, 4, 4),
(1417, 48, 4, 2),
(1418, 48, 4, 5),
(1419, 48, 5, 6),
(1420, 48, 5, 3),
(1421, 48, 5, 4),
(1422, 48, 5, 2),
(1423, 48, 5, 5),
(1424, 49, 1, 6),
(1425, 49, 2, 6),
(1426, 49, 4, 6),
(1427, 49, 5, 6),
(1428, 49, 7, 6),
(1429, 49, 1, 4),
(1430, 49, 2, 4),
(1431, 49, 4, 4),
(1432, 49, 5, 4),
(1433, 49, 7, 4),
(1434, 49, 1, 2),
(1435, 49, 2, 2),
(1436, 49, 4, 2),
(1437, 49, 5, 2),
(1438, 49, 7, 2),
(1439, 49, 1, 5),
(1440, 49, 2, 5),
(1441, 49, 4, 5),
(1442, 49, 5, 5),
(1443, 49, 7, 5),
(1444, 50, 9, 6),
(1445, 50, 9, 4),
(1446, 50, 9, 10),
(1447, 51, 7, 6),
(1448, 51, 7, 4),
(1449, 51, 7, 2),
(1450, 52, 2, 6),
(1451, 52, 2, 4),
(1452, 52, 2, 2),
(1453, 52, 2, 5),
(1454, 53, 2, 6),
(1455, 53, 4, 6),
(1456, 53, 5, 6),
(1457, 53, 7, 6),
(1458, 53, 2, 4),
(1459, 53, 4, 4),
(1460, 53, 5, 4),
(1461, 53, 7, 4),
(1462, 54, 2, 6),
(1463, 54, 2, 7),
(1464, 54, 2, 4),
(1465, 54, 2, 2),
(1466, 54, 2, 10),
(1467, 54, 8, 6),
(1468, 54, 8, 7),
(1469, 54, 8, 4),
(1470, 54, 8, 2),
(1471, 54, 8, 10),
(1472, 55, 9, 1),
(1473, 55, 9, 6),
(1474, 55, 9, 7),
(1475, 55, 9, 3),
(1476, 55, 9, 4),
(1477, 55, 9, 2),
(1478, 4, 9, 1),
(1479, 4, 9, 6),
(1480, 4, 9, 7),
(1481, 4, 9, 3),
(1482, 4, 9, 2),
(1483, 4, 9, 5),
(1484, 4, 1, 1),
(1485, 4, 1, 6),
(1486, 4, 1, 7),
(1487, 4, 1, 3),
(1488, 4, 1, 2),
(1489, 4, 1, 5),
(1490, 4, 10, 1),
(1491, 4, 10, 6),
(1492, 4, 10, 7),
(1493, 4, 10, 3),
(1494, 4, 10, 2),
(1495, 4, 10, 5),
(1496, 4, 2, 1),
(1497, 4, 2, 6),
(1498, 4, 2, 7),
(1499, 4, 2, 3),
(1500, 4, 2, 2),
(1501, 4, 2, 5),
(1502, 4, 3, 1),
(1503, 4, 3, 6),
(1504, 4, 3, 7),
(1505, 4, 3, 3),
(1506, 4, 3, 2),
(1507, 4, 3, 5),
(1508, 4, 4, 1),
(1509, 4, 4, 6),
(1510, 4, 4, 7),
(1511, 4, 4, 3),
(1512, 4, 4, 2),
(1513, 4, 4, 5),
(1514, 4, 5, 1),
(1515, 4, 5, 6),
(1516, 4, 5, 7),
(1517, 4, 5, 3),
(1518, 4, 5, 2),
(1519, 4, 5, 5),
(1520, 4, 6, 1),
(1521, 4, 6, 6),
(1522, 4, 6, 7),
(1523, 4, 6, 3),
(1524, 4, 6, 2),
(1525, 4, 6, 5),
(1526, 4, 8, 1),
(1527, 4, 8, 6),
(1528, 4, 8, 7),
(1529, 4, 8, 3),
(1530, 4, 8, 2),
(1531, 4, 8, 5),
(1532, 5, 8, 6),
(1533, 5, 8, 5),
(1534, 6, 9, 6),
(1535, 6, 1, 6),
(1536, 6, 4, 6),
(1537, 6, 5, 6),
(1538, 6, 8, 6),
(1539, 6, 9, 6),
(1540, 6, 1, 4),
(1541, 6, 4, 4),
(1542, 6, 5, 4),
(1543, 6, 8, 4),
(1544, 7, 2, 6),
(1545, 7, 7, 6),
(1546, 7, 2, 3),
(1547, 7, 7, 3),
(1548, 7, 2, 4),
(1549, 7, 7, 4),
(1550, 8, 8, 7),
(1551, 9, 9, 6),
(1552, 10, 1, 10),
(1553, 10, 1, 5),
(1554, 11, 8, 6),
(1555, 12, 9, 7),
(1556, 12, 1, 7),
(1557, 12, 9, 3),
(1558, 12, 1, 3),
(1559, 13, 9, 10),
(1560, 14, 9, 4),
(1561, 14, 1, 4),
(1562, 14, 9, 10),
(1563, 14, 1, 10),
(1564, 15, 8, 10),
(1565, 16, 7, 10),
(1566, 16, 7, 5),
(1567, 17, 8, 6),
(1568, 17, 8, 3),
(1569, 17, 8, 4),
(1570, 17, 8, 2),
(1571, 18, 9, 6),
(1572, 18, 9, 7),
(1573, 19, 9, 10),
(1574, 19, 1, 10),
(1575, 20, 2, 1),
(1576, 20, 2, 6),
(1577, 20, 2, 7),
(1578, 20, 2, 8),
(1579, 20, 2, 3),
(1580, 20, 2, 4),
(1581, 20, 4, 1),
(1582, 20, 4, 6),
(1583, 20, 4, 7),
(1584, 20, 4, 8),
(1585, 20, 4, 3),
(1586, 20, 4, 4),
(1587, 20, 5, 1),
(1588, 20, 5, 6),
(1589, 20, 5, 7),
(1590, 20, 5, 8),
(1591, 20, 5, 3),
(1592, 20, 5, 4),
(1593, 20, 8, 1),
(1594, 20, 8, 6),
(1595, 20, 8, 7),
(1596, 20, 8, 8),
(1597, 20, 8, 3),
(1598, 20, 8, 4),
(1599, 21, 9, 1),
(1600, 21, 9, 7),
(1601, 21, 9, 3),
(1602, 21, 9, 2),
(1603, 21, 8, 1),
(1604, 21, 8, 7),
(1605, 21, 8, 3),
(1606, 21, 8, 2),
(1607, 22, 2, 8),
(1608, 22, 3, 8),
(1609, 22, 4, 8),
(1610, 22, 5, 8),
(1611, 22, 8, 8),
(1612, 22, 2, 10),
(1613, 22, 3, 10),
(1614, 22, 4, 10),
(1615, 22, 5, 10),
(1616, 22, 8, 10),
(1617, 23, 9, 7),
(1618, 24, 9, 2),
(1619, 25, 2, 1),
(1620, 25, 2, 6),
(1621, 25, 2, 7),
(1622, 25, 2, 3),
(1623, 25, 2, 4),
(1624, 25, 2, 2),
(1625, 26, 2, 1),
(1626, 26, 2, 6),
(1627, 26, 2, 7),
(1628, 26, 2, 8),
(1629, 26, 2, 3),
(1630, 26, 2, 4),
(1631, 26, 2, 2),
(1632, 26, 4, 1),
(1633, 26, 4, 6),
(1634, 26, 4, 7),
(1635, 26, 4, 8),
(1636, 26, 4, 3),
(1637, 26, 4, 4),
(1638, 26, 4, 2),
(1639, 26, 5, 1),
(1640, 26, 5, 6),
(1641, 26, 5, 7),
(1642, 26, 5, 8),
(1643, 26, 5, 3),
(1644, 26, 5, 4),
(1645, 26, 5, 2),
(1646, 26, 8, 1),
(1647, 26, 8, 6),
(1648, 26, 8, 7),
(1649, 26, 8, 8),
(1650, 26, 8, 3),
(1651, 26, 8, 4),
(1652, 26, 8, 2),
(1653, 27, 1, 3),
(1654, 27, 1, 4),
(1655, 27, 1, 2),
(1656, 28, 10, 1),
(1657, 28, 10, 6),
(1658, 28, 10, 7),
(1659, 28, 10, 8),
(1660, 28, 10, 3),
(1661, 28, 10, 4),
(1662, 28, 10, 2),
(1663, 29, 9, 6),
(1664, 29, 9, 7),
(1665, 30, 9, 1),
(1666, 30, 9, 6),
(1667, 30, 9, 7),
(1668, 30, 9, 3),
(1669, 30, 9, 2),
(1670, 30, 1, 1),
(1671, 30, 1, 6),
(1672, 30, 1, 7),
(1673, 30, 1, 3),
(1674, 30, 1, 2),
(1675, 31, 4, 6),
(1676, 31, 5, 6),
(1677, 31, 4, 2),
(1678, 31, 5, 2),
(1679, 32, 1, 1),
(1680, 32, 10, 1),
(1681, 32, 2, 1),
(1682, 32, 4, 1),
(1683, 32, 5, 1),
(1684, 32, 1, 6),
(1685, 32, 10, 6),
(1686, 32, 2, 6),
(1687, 32, 4, 6),
(1688, 32, 5, 6),
(1689, 32, 1, 2),
(1690, 32, 10, 2),
(1691, 32, 2, 2),
(1692, 32, 4, 2),
(1693, 32, 5, 2),
(1694, 32, 1, 5),
(1695, 32, 10, 5),
(1696, 32, 2, 5),
(1697, 32, 4, 5),
(1698, 32, 5, 5),
(1699, 33, 9, 2),
(1700, 33, 1, 2),
(1701, 34, 7, 1),
(1702, 34, 7, 6),
(1703, 34, 7, 3),
(1704, 34, 7, 4),
(1705, 34, 7, 2),
(1706, 34, 7, 5),
(1707, 35, 9, 6),
(1708, 35, 1, 6),
(1709, 36, 9, 1),
(1710, 36, 9, 3),
(1711, 36, 9, 4),
(1712, 36, 9, 5),
(1713, 36, 4, 1),
(1714, 36, 4, 3),
(1715, 36, 4, 4),
(1716, 36, 4, 5),
(1717, 36, 5, 1),
(1718, 36, 5, 3),
(1719, 36, 5, 4),
(1720, 36, 5, 5),
(1721, 37, 1, 1),
(1722, 37, 1, 6),
(1723, 37, 1, 7),
(1724, 37, 1, 2),
(1725, 37, 1, 5),
(1726, 37, 10, 1),
(1727, 37, 10, 6),
(1728, 37, 10, 7),
(1729, 37, 10, 2),
(1730, 37, 10, 5),
(1731, 37, 7, 1),
(1732, 37, 7, 6),
(1733, 37, 7, 7),
(1734, 37, 7, 2),
(1735, 37, 7, 5),
(1736, 38, 9, 1),
(1737, 38, 1, 1),
(1738, 38, 10, 1),
(1739, 38, 2, 1),
(1740, 38, 3, 1),
(1741, 38, 4, 1),
(1742, 38, 5, 1),
(1743, 38, 6, 1),
(1744, 38, 7, 1),
(1745, 38, 9, 6),
(1746, 38, 1, 6),
(1747, 38, 10, 6),
(1748, 38, 2, 6),
(1749, 38, 3, 6),
(1750, 38, 4, 6),
(1751, 38, 5, 6),
(1752, 38, 6, 6),
(1753, 38, 7, 6),
(1754, 38, 9, 7),
(1755, 38, 1, 7),
(1756, 38, 10, 7),
(1757, 38, 2, 7),
(1758, 38, 3, 7),
(1759, 38, 4, 7),
(1760, 38, 5, 7),
(1761, 38, 6, 7),
(1762, 38, 7, 7),
(1763, 38, 9, 3),
(1764, 38, 1, 3),
(1765, 38, 10, 3),
(1766, 38, 2, 3),
(1767, 38, 3, 3),
(1768, 38, 4, 3),
(1769, 38, 5, 3),
(1770, 38, 6, 3),
(1771, 38, 7, 3),
(1772, 38, 9, 2),
(1773, 38, 1, 2),
(1774, 38, 10, 2),
(1775, 38, 2, 2),
(1776, 38, 3, 2),
(1777, 38, 4, 2),
(1778, 38, 5, 2),
(1779, 38, 6, 2),
(1780, 38, 7, 2),
(1781, 38, 9, 5),
(1782, 38, 1, 5),
(1783, 38, 10, 5),
(1784, 38, 2, 5),
(1785, 38, 3, 5),
(1786, 38, 4, 5),
(1787, 38, 5, 5),
(1788, 38, 6, 5),
(1789, 38, 7, 5),
(1790, 39, 9, 7),
(1791, 40, 9, 6),
(1792, 40, 1, 6),
(1793, 40, 10, 6),
(1794, 40, 9, 10),
(1795, 40, 1, 10),
(1796, 40, 10, 10),
(1797, 40, 9, 5),
(1798, 40, 1, 5),
(1799, 40, 10, 5),
(1800, 41, 9, 10),
(1801, 41, 1, 10),
(1802, 42, 9, 4),
(1803, 42, 4, 4),
(1804, 42, 5, 4),
(1805, 42, 9, 10),
(1806, 42, 4, 10),
(1807, 42, 5, 10),
(1808, 43, 9, 1),
(1809, 43, 9, 6),
(1810, 43, 9, 3),
(1811, 43, 9, 2),
(1812, 43, 9, 5),
(1813, 44, 9, 10),
(1814, 44, 7, 10),
(1815, 45, 7, 6),
(1816, 45, 7, 4),
(1817, 46, 9, 10),
(1818, 47, 9, 1),
(1819, 47, 9, 6),
(1820, 47, 9, 7),
(1821, 47, 9, 3),
(1822, 47, 9, 2),
(1823, 47, 9, 5),
(1824, 47, 7, 1),
(1825, 47, 7, 6),
(1826, 47, 7, 7),
(1827, 47, 7, 3),
(1828, 47, 7, 2),
(1829, 47, 7, 5),
(1830, 48, 9, 6),
(1831, 48, 9, 3),
(1832, 48, 9, 4),
(1833, 48, 9, 2),
(1834, 48, 9, 5),
(1835, 48, 4, 6),
(1836, 48, 4, 3),
(1837, 48, 4, 4),
(1838, 48, 4, 2),
(1839, 48, 4, 5),
(1840, 48, 5, 6),
(1841, 48, 5, 3),
(1842, 48, 5, 4),
(1843, 48, 5, 2),
(1844, 48, 5, 5),
(1845, 49, 1, 6),
(1846, 49, 2, 6),
(1847, 49, 4, 6),
(1848, 49, 5, 6),
(1849, 49, 7, 6),
(1850, 49, 1, 4),
(1851, 49, 2, 4),
(1852, 49, 4, 4),
(1853, 49, 5, 4),
(1854, 49, 7, 4),
(1855, 49, 1, 2),
(1856, 49, 2, 2),
(1857, 49, 4, 2),
(1858, 49, 5, 2),
(1859, 49, 7, 2),
(1860, 49, 1, 5),
(1861, 49, 2, 5),
(1862, 49, 4, 5),
(1863, 49, 5, 5),
(1864, 49, 7, 5),
(1865, 50, 9, 6),
(1866, 50, 9, 4),
(1867, 50, 9, 10),
(1868, 51, 7, 6),
(1869, 51, 7, 4),
(1870, 51, 7, 2),
(1871, 52, 2, 6),
(1872, 52, 2, 4),
(1873, 52, 2, 2),
(1874, 52, 2, 5),
(1875, 53, 2, 6),
(1876, 53, 4, 6),
(1877, 53, 5, 6),
(1878, 53, 7, 6),
(1879, 53, 2, 4),
(1880, 53, 4, 4),
(1881, 53, 5, 4),
(1882, 53, 7, 4),
(1883, 54, 2, 6),
(1884, 54, 2, 7),
(1885, 54, 2, 4),
(1886, 54, 2, 2),
(1887, 54, 2, 10),
(1888, 54, 8, 6),
(1889, 54, 8, 7),
(1890, 54, 8, 4),
(1891, 54, 8, 2),
(1892, 54, 8, 10),
(1893, 55, 9, 1),
(1894, 55, 9, 6),
(1895, 55, 9, 7),
(1896, 55, 9, 3),
(1897, 55, 9, 4),
(1898, 55, 9, 2),
(1899, 4, 9, 1),
(1900, 4, 9, 6),
(1901, 4, 9, 7),
(1902, 4, 9, 3),
(1903, 4, 9, 2),
(1904, 4, 9, 5),
(1905, 4, 1, 1),
(1906, 4, 1, 6),
(1907, 4, 1, 7),
(1908, 4, 1, 3),
(1909, 4, 1, 2),
(1910, 4, 1, 5),
(1911, 4, 10, 1),
(1912, 4, 10, 6),
(1913, 4, 10, 7),
(1914, 4, 10, 3),
(1915, 4, 10, 2),
(1916, 4, 10, 5),
(1917, 4, 2, 1),
(1918, 4, 2, 6),
(1919, 4, 2, 7),
(1920, 4, 2, 3),
(1921, 4, 2, 2),
(1922, 4, 2, 5),
(1923, 4, 3, 1),
(1924, 4, 3, 6),
(1925, 4, 3, 7),
(1926, 4, 3, 3),
(1927, 4, 3, 2),
(1928, 4, 3, 5),
(1929, 4, 4, 1),
(1930, 4, 4, 6),
(1931, 4, 4, 7),
(1932, 4, 4, 3),
(1933, 4, 4, 2),
(1934, 4, 4, 5),
(1935, 4, 5, 1),
(1936, 4, 5, 6),
(1937, 4, 5, 7),
(1938, 4, 5, 3),
(1939, 4, 5, 2),
(1940, 4, 5, 5),
(1941, 4, 6, 1),
(1942, 4, 6, 6),
(1943, 4, 6, 7),
(1944, 4, 6, 3),
(1945, 4, 6, 2),
(1946, 4, 6, 5),
(1947, 4, 8, 1),
(1948, 4, 8, 6),
(1949, 4, 8, 7),
(1950, 4, 8, 3),
(1951, 4, 8, 2),
(1952, 4, 8, 5),
(1953, 5, 8, 6),
(1954, 5, 8, 5),
(1955, 6, 9, 6),
(1956, 6, 1, 6),
(1957, 6, 4, 6),
(1958, 6, 5, 6),
(1959, 6, 8, 6),
(1960, 6, 9, 6),
(1961, 6, 1, 4),
(1962, 6, 4, 4),
(1963, 6, 5, 4),
(1964, 6, 8, 4),
(1965, 7, 2, 6),
(1966, 7, 7, 6),
(1967, 7, 2, 3),
(1968, 7, 7, 3),
(1969, 7, 2, 4),
(1970, 7, 7, 4),
(1971, 8, 8, 7),
(1972, 9, 9, 6),
(1973, 10, 1, 10),
(1974, 10, 1, 5),
(1975, 11, 8, 6),
(1976, 12, 9, 7),
(1977, 12, 1, 7),
(1978, 12, 9, 3),
(1979, 12, 1, 3),
(1980, 13, 9, 10),
(1981, 14, 9, 4),
(1982, 14, 1, 4),
(1983, 14, 9, 10),
(1984, 14, 1, 10),
(1985, 15, 8, 10),
(1986, 16, 7, 10),
(1987, 16, 7, 5),
(1988, 17, 8, 6),
(1989, 17, 8, 3),
(1990, 17, 8, 4),
(1991, 17, 8, 2),
(1992, 18, 9, 6),
(1993, 18, 9, 7),
(1994, 19, 9, 10),
(1995, 19, 1, 10),
(1996, 20, 2, 1),
(1997, 20, 2, 6),
(1998, 20, 2, 7),
(1999, 20, 2, 8),
(2000, 20, 2, 3),
(2001, 20, 2, 4),
(2002, 20, 4, 1),
(2003, 20, 4, 6),
(2004, 20, 4, 7),
(2005, 20, 4, 8),
(2006, 20, 4, 3),
(2007, 20, 4, 4),
(2008, 20, 5, 1),
(2009, 20, 5, 6),
(2010, 20, 5, 7),
(2011, 20, 5, 8),
(2012, 20, 5, 3),
(2013, 20, 5, 4),
(2014, 20, 8, 1),
(2015, 20, 8, 6),
(2016, 20, 8, 7),
(2017, 20, 8, 8),
(2018, 20, 8, 3),
(2019, 20, 8, 4),
(2020, 21, 9, 1),
(2021, 21, 9, 7),
(2022, 21, 9, 3),
(2023, 21, 9, 2),
(2024, 21, 8, 1),
(2025, 21, 8, 7),
(2026, 21, 8, 3),
(2027, 21, 8, 2),
(2028, 22, 2, 8),
(2029, 22, 3, 8),
(2030, 22, 4, 8),
(2031, 22, 5, 8),
(2032, 22, 8, 8),
(2033, 22, 2, 10),
(2034, 22, 3, 10),
(2035, 22, 4, 10),
(2036, 22, 5, 10),
(2037, 22, 8, 10),
(2038, 23, 9, 7),
(2039, 24, 9, 2),
(2040, 25, 2, 1),
(2041, 25, 2, 6),
(2042, 25, 2, 7),
(2043, 25, 2, 3),
(2044, 25, 2, 4),
(2045, 25, 2, 2),
(2046, 26, 2, 1),
(2047, 26, 2, 6),
(2048, 26, 2, 7),
(2049, 26, 2, 8),
(2050, 26, 2, 3),
(2051, 26, 2, 4),
(2052, 26, 2, 2),
(2053, 26, 4, 1),
(2054, 26, 4, 6),
(2055, 26, 4, 7),
(2056, 26, 4, 8),
(2057, 26, 4, 3),
(2058, 26, 4, 4),
(2059, 26, 4, 2),
(2060, 26, 5, 1),
(2061, 26, 5, 6),
(2062, 26, 5, 7),
(2063, 26, 5, 8),
(2064, 26, 5, 3),
(2065, 26, 5, 4),
(2066, 26, 5, 2),
(2067, 26, 8, 1),
(2068, 26, 8, 6),
(2069, 26, 8, 7),
(2070, 26, 8, 8),
(2071, 26, 8, 3),
(2072, 26, 8, 4),
(2073, 26, 8, 2),
(2074, 27, 1, 3),
(2075, 27, 1, 4),
(2076, 27, 1, 2),
(2077, 28, 10, 1),
(2078, 28, 10, 6),
(2079, 28, 10, 7),
(2080, 28, 10, 8),
(2081, 28, 10, 3),
(2082, 28, 10, 4),
(2083, 28, 10, 2),
(2084, 29, 9, 6),
(2085, 29, 9, 7),
(2086, 30, 9, 1),
(2087, 30, 9, 6),
(2088, 30, 9, 7),
(2089, 30, 9, 3),
(2090, 30, 9, 2),
(2091, 30, 1, 1),
(2092, 30, 1, 6),
(2093, 30, 1, 7),
(2094, 30, 1, 3),
(2095, 30, 1, 2),
(2096, 31, 4, 6),
(2097, 31, 5, 6),
(2098, 31, 4, 2),
(2099, 31, 5, 2),
(2100, 32, 1, 1),
(2101, 32, 10, 1),
(2102, 32, 2, 1),
(2103, 32, 4, 1),
(2104, 32, 5, 1),
(2105, 32, 1, 6),
(2106, 32, 10, 6),
(2107, 32, 2, 6),
(2108, 32, 4, 6),
(2109, 32, 5, 6),
(2110, 32, 1, 2),
(2111, 32, 10, 2),
(2112, 32, 2, 2),
(2113, 32, 4, 2),
(2114, 32, 5, 2),
(2115, 32, 1, 5),
(2116, 32, 10, 5),
(2117, 32, 2, 5),
(2118, 32, 4, 5),
(2119, 32, 5, 5),
(2120, 33, 9, 2),
(2121, 33, 1, 2),
(2122, 34, 7, 1),
(2123, 34, 7, 6),
(2124, 34, 7, 3),
(2125, 34, 7, 4),
(2126, 34, 7, 2),
(2127, 34, 7, 5),
(2128, 35, 9, 6),
(2129, 35, 1, 6),
(2130, 36, 9, 1),
(2131, 36, 9, 3),
(2132, 36, 9, 4),
(2133, 36, 9, 5),
(2134, 36, 4, 1),
(2135, 36, 4, 3),
(2136, 36, 4, 4),
(2137, 36, 4, 5),
(2138, 36, 5, 1),
(2139, 36, 5, 3),
(2140, 36, 5, 4),
(2141, 36, 5, 5),
(2142, 37, 1, 1),
(2143, 37, 1, 6),
(2144, 37, 1, 7),
(2145, 37, 1, 2),
(2146, 37, 1, 5),
(2147, 37, 10, 1),
(2148, 37, 10, 6),
(2149, 37, 10, 7),
(2150, 37, 10, 2),
(2151, 37, 10, 5),
(2152, 37, 7, 1),
(2153, 37, 7, 6),
(2154, 37, 7, 7),
(2155, 37, 7, 2),
(2156, 37, 7, 5),
(2157, 38, 9, 1),
(2158, 38, 1, 1),
(2159, 38, 10, 1),
(2160, 38, 2, 1),
(2161, 38, 3, 1),
(2162, 38, 4, 1),
(2163, 38, 5, 1),
(2164, 38, 6, 1),
(2165, 38, 7, 1),
(2166, 38, 9, 6),
(2167, 38, 1, 6),
(2168, 38, 10, 6),
(2169, 38, 2, 6),
(2170, 38, 3, 6),
(2171, 38, 4, 6),
(2172, 38, 5, 6),
(2173, 38, 6, 6),
(2174, 38, 7, 6),
(2175, 38, 9, 7),
(2176, 38, 1, 7),
(2177, 38, 10, 7),
(2178, 38, 2, 7),
(2179, 38, 3, 7),
(2180, 38, 4, 7),
(2181, 38, 5, 7),
(2182, 38, 6, 7),
(2183, 38, 7, 7),
(2184, 38, 9, 3),
(2185, 38, 1, 3),
(2186, 38, 10, 3),
(2187, 38, 2, 3),
(2188, 38, 3, 3),
(2189, 38, 4, 3),
(2190, 38, 5, 3),
(2191, 38, 6, 3),
(2192, 38, 7, 3),
(2193, 38, 9, 2),
(2194, 38, 1, 2),
(2195, 38, 10, 2),
(2196, 38, 2, 2),
(2197, 38, 3, 2),
(2198, 38, 4, 2),
(2199, 38, 5, 2),
(2200, 38, 6, 2),
(2201, 38, 7, 2),
(2202, 38, 9, 5),
(2203, 38, 1, 5),
(2204, 38, 10, 5),
(2205, 38, 2, 5),
(2206, 38, 3, 5),
(2207, 38, 4, 5),
(2208, 38, 5, 5),
(2209, 38, 6, 5),
(2210, 38, 7, 5),
(2211, 39, 9, 7),
(2212, 40, 9, 6),
(2213, 40, 1, 6),
(2214, 40, 10, 6),
(2215, 40, 9, 10),
(2216, 40, 1, 10),
(2217, 40, 10, 10),
(2218, 40, 9, 5),
(2219, 40, 1, 5),
(2220, 40, 10, 5),
(2221, 41, 9, 10),
(2222, 41, 1, 10),
(2223, 42, 9, 4),
(2224, 42, 4, 4),
(2225, 42, 5, 4),
(2226, 42, 9, 10),
(2227, 42, 4, 10),
(2228, 42, 5, 10),
(2229, 43, 9, 1),
(2230, 43, 9, 6),
(2231, 43, 9, 3),
(2232, 43, 9, 2),
(2233, 43, 9, 5),
(2234, 44, 9, 10),
(2235, 44, 7, 10),
(2236, 45, 7, 6),
(2237, 45, 7, 4),
(2238, 46, 9, 10),
(2239, 47, 9, 1),
(2240, 47, 9, 6),
(2241, 47, 9, 7),
(2242, 47, 9, 3),
(2243, 47, 9, 2),
(2244, 47, 9, 5),
(2245, 47, 7, 1),
(2246, 47, 7, 6),
(2247, 47, 7, 7),
(2248, 47, 7, 3),
(2249, 47, 7, 2),
(2250, 47, 7, 5),
(2251, 48, 9, 6),
(2252, 48, 9, 3),
(2253, 48, 9, 4),
(2254, 48, 9, 2),
(2255, 48, 9, 5),
(2256, 48, 4, 6),
(2257, 48, 4, 3),
(2258, 48, 4, 4),
(2259, 48, 4, 2),
(2260, 48, 4, 5),
(2261, 48, 5, 6),
(2262, 48, 5, 3),
(2263, 48, 5, 4),
(2264, 48, 5, 2),
(2265, 48, 5, 5),
(2266, 49, 1, 6),
(2267, 49, 2, 6),
(2268, 49, 4, 6),
(2269, 49, 5, 6),
(2270, 49, 7, 6),
(2271, 49, 1, 4),
(2272, 49, 2, 4),
(2273, 49, 4, 4),
(2274, 49, 5, 4),
(2275, 49, 7, 4),
(2276, 49, 1, 2),
(2277, 49, 2, 2),
(2278, 49, 4, 2),
(2279, 49, 5, 2),
(2280, 49, 7, 2),
(2281, 49, 1, 5),
(2282, 49, 2, 5),
(2283, 49, 4, 5),
(2284, 49, 5, 5),
(2285, 49, 7, 5),
(2286, 50, 9, 6),
(2287, 50, 9, 4),
(2288, 50, 9, 10),
(2289, 51, 7, 6),
(2290, 51, 7, 4),
(2291, 51, 7, 2),
(2292, 52, 2, 6),
(2293, 52, 2, 4),
(2294, 52, 2, 2),
(2295, 52, 2, 5),
(2296, 53, 2, 6),
(2297, 53, 4, 6),
(2298, 53, 5, 6),
(2299, 53, 7, 6),
(2300, 53, 2, 4),
(2301, 53, 4, 4),
(2302, 53, 5, 4),
(2303, 53, 7, 4),
(2304, 54, 2, 6),
(2305, 54, 2, 7),
(2306, 54, 2, 4),
(2307, 54, 2, 2),
(2308, 54, 2, 10),
(2309, 54, 8, 6),
(2310, 54, 8, 7),
(2311, 54, 8, 4),
(2312, 54, 8, 2),
(2313, 54, 8, 10),
(2314, 55, 9, 1),
(2315, 55, 9, 6),
(2316, 55, 9, 7),
(2317, 55, 9, 3),
(2318, 55, 9, 4),
(2319, 55, 9, 2);

--
-- Índices para tablas volcadas
--

--
-- Indices de la tabla `lugar`
--
ALTER TABLE `lugar`
  ADD PRIMARY KEY (`id_voluntariado`);

--
-- Indices de la tabla `ongs`
--
ALTER TABLE `ongs`
  ADD PRIMARY KEY (`id_ong`);

--
-- Indices de la tabla `ongs_ant`
--
ALTER TABLE `ongs_ant`
  ADD PRIMARY KEY (`id_ong`);

--
-- Indices de la tabla `proyecto`
--
ALTER TABLE `proyecto`
  ADD PRIMARY KEY (`id_proyecto`);

--
-- Indices de la tabla `rifa`
--
ALTER TABLE `rifa`
  ADD PRIMARY KEY (`id_rifa`);

--
-- Indices de la tabla `voluntariado`
--
ALTER TABLE `voluntariado`
  ADD PRIMARY KEY (`id_voluntariado`),
  ADD KEY `ong_voluntariado` (`ong_voluntariado`),
  ADD KEY `lugar_voluntariado` (`lugar_voluntariado`),
  ADD KEY `tipo_voluntariado` (`tipo_voluntariado`);

--
-- AUTO_INCREMENT de las tablas volcadas
--

--
-- AUTO_INCREMENT de la tabla `lugar`
--
ALTER TABLE `lugar`
  MODIFY `id_voluntariado` int(11) NOT NULL AUTO_INCREMENT, AUTO_INCREMENT=11;

--
-- AUTO_INCREMENT de la tabla `ongs`
--
ALTER TABLE `ongs`
  MODIFY `id_ong` int(11) NOT NULL AUTO_INCREMENT, AUTO_INCREMENT=56;

--
-- AUTO_INCREMENT de la tabla `ongs_ant`
--
ALTER TABLE `ongs_ant`
  MODIFY `id_ong` int(10) UNSIGNED NOT NULL AUTO_INCREMENT, AUTO_INCREMENT=51;

--
-- AUTO_INCREMENT de la tabla `proyecto`
--
ALTER TABLE `proyecto`
  MODIFY `id_proyecto` int(11) NOT NULL AUTO_INCREMENT, AUTO_INCREMENT=11;

--
-- AUTO_INCREMENT de la tabla `rifa`
--
ALTER TABLE `rifa`
  MODIFY `id_rifa` int(11) NOT NULL AUTO_INCREMENT, AUTO_INCREMENT=4;

--
-- AUTO_INCREMENT de la tabla `voluntariado`
--
ALTER TABLE `voluntariado`
  MODIFY `id_voluntariado` int(11) NOT NULL AUTO_INCREMENT, AUTO_INCREMENT=2320;

--
-- Restricciones para tablas volcadas
--

--
-- Filtros para la tabla `voluntariado`
--
ALTER TABLE `voluntariado`
  ADD CONSTRAINT `voluntariado_ibfk_1` FOREIGN KEY (`ong_voluntariado`) REFERENCES `ongs` (`id_ong`) ON DELETE CASCADE,
  ADD CONSTRAINT `voluntariado_ibfk_2` FOREIGN KEY (`ong_voluntariado`) REFERENCES `ongs` (`id_ong`) ON DELETE CASCADE,
  ADD CONSTRAINT `voluntariado_ibfk_3` FOREIGN KEY (`lugar_voluntariado`) REFERENCES `lugar` (`id_voluntariado`) ON DELETE CASCADE,
  ADD CONSTRAINT `voluntariado_ibfk_4` FOREIGN KEY (`tipo_voluntariado`) REFERENCES `proyecto` (`id_proyecto`) ON DELETE CASCADE;
COMMIT;

/*!40101 SET CHARACTER_SET_CLIENT=@OLD_CHARACTER_SET_CLIENT */;
/*!40101 SET CHARACTER_SET_RESULTS=@OLD_CHARACTER_SET_RESULTS */;
/*!40101 SET COLLATION_CONNECTION=@OLD_COLLATION_CONNECTION */;
